t,count,max,mean,min,stddev,p50,p75,p95,p98,p99,p999
1773145530,8,813,215.625,3,367.49224967532115,7.0,624.75,813.0,813.0,813.0,813.0
1773145560,8,813,215.625,3,367.49224967532115,7.0,624.75,813.0,813.0,813.0,813.0
1773145590,8,813,215.625,3,367.49224967532115,7.0,624.75,813.0,813.0,813.0,813.0
1773145620,8,813,215.625,3,367.49224967532115,7.0,624.75,813.0,813.0,813.0,813.0
1773145650,8,813,215.625,3,367.49224967532115,7.0,624.75,813.0,813.0,813.0,813.0
1773145680,8,813,215.625,3,367.49224967532115,7.0,624.75,813.0,813.0,813.0,813.0
1773145710,8,813,215.625,3,367.49224967532115,7.0,624.75,813.0,813.0,813.0,813.0
1773145740,8,813,215.625,3,367.49224967532115,7.0,624.75,813.0,813.0,813.0,813.0
1773145770,8,813,215.625,3,367.49224967532115,7.0,624.75,813.0,813.0,813.0,813.0
1773145800,8,813,215.625,3,367.49224967532115,7.0,624.75,813.0,813.0,813.0,813.0
1773145830,8,813,215.625,3,367.49224967532115,7.0,624.75,813.0,813.0,813.0,813.0
1773145860,8,813,215.625,3,367.49224967532115,7.0,624.75,813.0,813.0,813.0,813.0
1773145890,8,813,215.625,3,367.49224967532115,7.0,624.75,813.0,813.0,813.0,813.0
1773145920,8,813,215.625,3,367.49224967532115,7.0,624.75,813.0,813.0,813.0,813.0
1773145950,8,813,215.625,3,367.49224967532115,7.0,624.75,813.0,813.0,813.0,813.0
1773145980,8,813,215.625,3,367.49224967532115,7.0,624.75,813.0,813.0,813.0,813.0
1773146100,2,691,687.0,683,5.656854249492381,687.0,691.0,691.0,691.0,691.0,691.0
1773146131,6,691,233.83333333333334,5,351.036417863826,9.5,685.0,691.0,691.0,691.0,691.0
1773146161,8,691,176.25,3,315.2580575610128,7.0,514.75,691.0,691.0,691.0,691.0
1773146191,12,691,118.66666666666667,3,265.48354968154837,5.0,9.75,691.0,691.0,691.0,691.0
1773146221,14,691,102.07142857142857,2,247.82607557774008,4.5,9.25,691.0,691.0,691.0,691.0
1773146251,16,691,89.5625,2,233.23177849512703,3.5,8.0,691.0,691.0,691.0,691.0
1773146281,18,691,79.94444444444444,2,220.86447061282846,3.5,6.0,691.0,691.0,691.0,691.0
1773146311,20,691,72.15,2,210.28984383714928,3.0,5.0,690.6,691.0,691.0,691.0
1773146341,22,691,67.13636363636364,2,200.68271462199218,3.5,9.25,689.8,691.0,691.0,691.0
1773146371,24,691,61.708333333333336,2,192.63876515535418,3.0,8.0,689.0,691.0,691.0,691.0
1773146401,26,691,57.15384615384615,2,185.47187221952385,3.0,6.0,688.2,691.0,691.0,691.0
1773146431,28,691,53.214285714285715,2,179.05562081072839,3.0,5.0,687.4,691.0,691.0,691.0
1773146461,30,691,49.86666666666667,2,173.24006332321022,3.0,5.0,686.6,691.0,691.0,691.0
1773146491,32,691,46.96875,2,167.94612891561965,3.0,5.0,685.8,691.0,691.0,691.0
1773146521,34,691,44.26470588235294,1,163.14713731336886,3.0,5.0,685.0,691.0,691.0,691.0
1773146551,36,691,41.94444444444444,1,158.71410855361364,3.0,4.75,684.2,691.0,691.0,691.0
1773146581,38,691,39.86842105263158,1,154.62284909515932,3.0,4.25,683.4,691.0,691.0,691.0
1773146611,40,691,38.0,1,150.83171128182934,3.0,4.0,649.6999999999972,691.0,691.0,691.0
1773146641,42,691,36.285714285714285,1,147.31139834929166,3.0,4.0,583.1000000000009,691.0,691.0,691.0
1773146671,44,691,34.72727272727273,1,144.02605766114775,3.0,4.0,516.5,691.0,691.0,691.0
1773146701,46,691,33.30434782608695,1,140.95071945190512,3.0,4.0,449.89999999999907,691.0,691.0,691.0
1773146731,48,691,32.020833333333336,1,138.0594213085682,3.0,3.75,383.29999999999814,691.0,691.0,691.0
1773146761,50,691,30.84,1,135.33878277289543,3.0,3.25,316.69999999999715,690.8399999999999,691.0,691.0
1773146791,52,691,29.71153846153846,1,132.7808656984354,2.5,3.0,250.09999999999621,690.52,691.0,691.0
1773146821,54,691,28.666666666666668,1,130.36248447498448,2.0,3.0,183.5,690.2,691.0,691.0
1773146851,56,691,27.678571428571427,1,128.07513521265656,2.0,3.0,116.89999999999905,689.88,691.0,691.0
1773146881,58,691,26.79310344827586,1,125.89688883475165,2.0,3.0,50.29999999999811,689.56,691.0,691.0
1773146911,60,691,25.95,1,123.8293556554095,2.0,3.0,17.0,689.24,691.0,691.0
1773146941,62,691,25.177419354838708,1,121.85714885741143,2.0,3.0,17.0,688.9200000000001,691.0,691.0
1773146971,64,691,24.421875,1,119.98224798422976,2.0,3.0,17.0,688.5999999999999,691.0,691.0
1773147001,66,691,23.742424242424242,1,118.18542284264235,2.0,3.0,17.0,688.28,691.0,691.0
1773147031,68,691,23.102941176470587,1,116.4669115403928,2.0,3.0,17.0,687.96,691.0,691.0
1773147061,70,691,22.485714285714284,1,114.82384023239376,2.0,3.0,17.0,687.64,691.0,691.0
1773147091,72,691,21.88888888888889,1,113.25088135783098,2.0,3.0,17.0,687.3199999999999,691.0,691.0
1773147121,74,691,21.35135135135135,1,111.73592062113661,2.0,3.0,17.0,687.0,691.0,691.0
1773147151,76,691,20.842105263157894,1,110.28013452193208,2.0,3.0,17.0,686.68,691.0,691.0
1773147181,78,691,20.358974358974358,1,108.87977098067634,2.0,3.0,17.0,686.36,691.0,691.0
1773147211,80,691,19.875,1,107.53573147704812,2.0,3.0,16.65000000000002,686.04,691.0,691.0
1773147241,82,691,19.426829268292682,1,106.23814739848324,2.0,3.0,15.94999999999996,685.72,691.0,691.0
1773147271,84,691,19.011904761904763,1,104.9843928788246,2.0,3.0,15.25,685.4,691.0,691.0
1773147301,86,691,18.61627906976744,1,103.77398162008582,2.0,3.0,14.54999999999994,685.08,691.0,691.0
1773147331,88,691,18.238636363636363,1,102.60447373435053,2.0,3.0,13.84999999999998,684.76,691.0,691.0
1773147361,88,691,18.238636363636363,1,102.60447373435053,2.0,3.0,13.84999999999998,684.76,691.0,691.0
1773147392,88,691,18.238636363636363,1,102.60447373435053,2.0,3.0,13.84999999999998,684.76,691.0,691.0
1773147422,88,691,18.238636363636363,1,102.60447373435053,2.0,3.0,13.84999999999998,684.76,691.0,691.0
1773147452,88,691,18.238636363636363,1,102.60447373435053,2.0,3.0,13.84999999999998,684.76,691.0,691.0
1773147482,88,691,18.238636363636363,1,102.60447373435053,2.0,3.0,13.84999999999998,684.76,691.0,691.0
1773147512,88,691,18.238636363636363,1,102.60447373435053,2.0,3.0,13.84999999999998,684.76,691.0,691.0
1773147542,88,691,18.238636363636363,1,102.60447373435053,2.0,3.0,13.84999999999998,684.76,691.0,691.0
1773147572,88,691,18.238636363636363,1,102.60447373435053,2.0,3.0,13.84999999999998,684.76,691.0,691.0
1773147602,88,691,18.238636363636363,1,102.60447373435053,2.0,3.0,13.84999999999998,684.76,691.0,691.0
1773147632,88,691,18.238636363636363,1,102.60447373435053,2.0,3.0,13.84999999999998,684.76,691.0,691.0
1773147662,88,691,18.238636363636363,1,102.60447373435053,2.0,3.0,13.84999999999998,684.76,691.0,691.0
1773147692,88,691,18.238636363636363,1,102.60447373435053,2.0,3.0,13.84999999999998,684.76,691.0,691.0
1773147722,88,691,18.238636363636363,1,102.60447373435053,2.0,3.0,13.84999999999998,684.76,691.0,691.0
1773147752,88,691,18.238636363636363,1,102.60447373435053,2.0,3.0,13.84999999999998,684.76,691.0,691.0
1773147782,88,691,18.238636363636363,1,102.60447373435053,2.0,3.0,13.84999999999998,684.76,691.0,691.0
1773147812,88,691,18.238636363636363,1,102.60447373435053,2.0,3.0,13.84999999999998,684.76,691.0,691.0
1773147842,88,691,18.238636363636363,1,102.60447373435053,2.0,3.0,13.84999999999998,684.76,691.0,691.0
1773147872,88,691,18.238636363636363,1,102.60447373435053,2.0,3.0,13.84999999999998,684.76,691.0,691.0
1773147902,88,691,18.238636363636363,1,102.60447373435053,2.0,3.0,13.84999999999998,684.76,691.0,691.0
1773147932,88,691,18.238636363636363,1,102.60447373435053,2.0,3.0,13.84999999999998,684.76,691.0,691.0
1773147962,88,691,18.238636363636363,1,102.60447373435053,2.0,3.0,13.84999999999998,684.76,691.0,691.0
1773147992,88,691,18.238636363636363,1,102.60447373435053,2.0,3.0,13.84999999999998,684.76,691.0,691.0
1773148022,88,691,18.238636363636363,1,102.60447373435053,2.0,3.0,13.84999999999998,684.76,691.0,691.0
1773148052,88,691,18.238636363636363,1,102.60447373435053,2.0,3.0,13.84999999999998,684.76,691.0,691.0
1773148082,88,691,18.238636363636363,1,102.60447373435053,2.0,3.0,13.84999999999998,684.76,691.0,691.0
1773148112,88,691,18.238636363636363,1,102.60447373435053,2.0,3.0,13.84999999999998,684.76,691.0,691.0
1773148142,88,691,18.238636363636363,1,102.60447373435053,2.0,3.0,13.84999999999998,684.76,691.0,691.0
1773148172,88,691,18.238636363636363,1,102.60447373435053,2.0,3.0,13.84999999999998,684.76,691.0,691.0
1773148202,88,691,18.238636363636363,1,102.60447373435053,2.0,3.0,13.84999999999998,684.76,691.0,691.0
1773148232,88,691,18.238636363636363,1,102.60447373435053,2.0,3.0,13.84999999999998,684.76,691.0,691.0
1773148262,88,691,18.238636363636363,1,102.60447373435053,2.0,3.0,13.84999999999998,684.76,691.0,691.0
1773148292,88,691,18.238636363636363,1,102.60447373435053,2.0,3.0,13.84999999999998,684.76,691.0,691.0
1773148322,88,691,18.238636363636363,1,102.60447373435053,2.0,3.0,13.84999999999998,684.76,691.0,691.0
1773148352,88,691,18.238636363636363,1,102.60447373435053,2.0,3.0,13.84999999999998,684.76,691.0,691.0
1773148382,88,691,18.238636363636363,1,102.60447373435053,2.0,3.0,13.84999999999998,684.76,691.0,691.0
1773148412,88,691,18.238636363636363,1,102.60447373435053,2.0,3.0,13.84999999999998,684.76,691.0,691.0
1773148442,88,691,18.238636363636363,1,102.60447373435053,2.0,3.0,13.84999999999998,684.76,691.0,691.0
1773148472,88,691,18.238636363636363,1,102.60447373435053,2.0,3.0,13.84999999999998,684.76,691.0,691.0
1773148502,88,691,18.238636363636363,1,102.60447373435053,2.0,3.0,13.84999999999998,684.76,691.0,691.0
1773148532,88,691,18.238636363636363,1,102.60447373435053,2.0,3.0,13.84999999999998,684.76,691.0,691.0
1773148562,88,691,18.238636363636363,1,102.60447373435053,2.0,3.0,13.84999999999998,684.76,691.0,691.0
1773148592,88,691,18.238636363636363,1,102.60447373435053,2.0,3.0,13.84999999999998,684.76,691.0,691.0
1773148622,88,691,18.238636363636363,1,102.60447373435053,2.0,3.0,13.84999999999998,684.76,691.0,691.0
1773148652,88,691,18.238636363636363,1,102.60447373435053,2.0,3.0,13.84999999999998,684.76,691.0,691.0
1773148682,88,691,18.238636363636363,1,102.60447373435053,2.0,3.0,13.84999999999998,684.76,691.0,691.0
1773148712,88,691,18.238636363636363,1,102.60447373435053,2.0,3.0,13.84999999999998,684.76,691.0,691.0
1773148742,88,691,18.238636363636363,1,102.60447373435053,2.0,3.0,13.84999999999998,684.76,691.0,691.0
1773148772,88,691,18.238636363636363,1,102.60447373435053,2.0,3.0,13.84999999999998,684.76,691.0,691.0
1773148802,88,691,18.238636363636363,1,102.60447373435053,2.0,3.0,13.84999999999998,684.76,691.0,691.0
1773148832,88,691,18.238636363636363,1,102.60447373435053,2.0,3.0,13.84999999999998,684.76,691.0,691.0
1773148862,88,691,18.238636363636363,1,102.60447373435053,2.0,3.0,13.84999999999998,684.76,691.0,691.0
1773148892,88,691,18.238636363636363,1,102.60447373435053,2.0,3.0,13.84999999999998,684.76,691.0,691.0
1773148922,88,691,18.238636363636363,1,102.60447373435053,2.0,3.0,13.84999999999998,684.76,691.0,691.0
1773148952,88,691,18.238636363636363,1,102.60447373435053,2.0,3.0,13.84999999999998,684.76,691.0,691.0
1773148982,90,691,17.866666666666667,1,101.47543013630597,2.0,3.0,13.15000000000002,684.4399999999999,691.0,691.0
1773149012,90,691,17.866666666666667,1,101.47543013630597,2.0,3.0,13.15000000000002,684.4399999999999,691.0,691.0
1773149042,90,691,17.866666666666667,1,101.47543013630597,2.0,3.0,13.15000000000002,684.4399999999999,691.0,691.0
1773149072,90,691,17.866666666666667,1,101.47543013630597,2.0,3.0,13.15000000000002,684.4399999999999,691.0,691.0
1773149102,90,691,17.866666666666667,1,101.47543013630597,2.0,3.0,13.15000000000002,684.4399999999999,691.0,691.0
1773149132,90,691,17.866666666666667,1,101.47543013630597,2.0,3.0,13.15000000000002,684.4399999999999,691.0,691.0
1773149162,90,691,17.866666666666667,1,101.47543013630597,2.0,3.0,13.15000000000002,684.4399999999999,691.0,691.0
1773149192,90,691,17.866666666666667,1,101.47543013630597,2.0,3.0,13.15000000000002,684.4399999999999,691.0,691.0
1773149222,90,691,17.866666666666667,1,101.47543013630597,2.0,3.0,13.15000000000002,684.4399999999999,691.0,691.0
1773149252,90,691,17.866666666666667,1,101.47543013630597,2.0,3.0,13.15000000000002,684.4399999999999,691.0,691.0
1773149282,90,691,17.866666666666667,1,101.47543013630597,2.0,3.0,13.15000000000002,684.4399999999999,691.0,691.0
1773149312,90,691,17.866666666666667,1,101.47543013630597,2.0,3.0,13.15000000000002,684.4399999999999,691.0,691.0
1773149342,90,691,17.866666666666667,1,101.47543013630597,2.0,3.0,13.15000000000002,684.4399999999999,691.0,691.0
1773149372,90,691,17.866666666666667,1,101.47543013630597,2.0,3.0,13.15000000000002,684.4399999999999,691.0,691.0
1773149402,90,691,17.866666666666667,1,101.47543013630597,2.0,3.0,13.15000000000002,684.4399999999999,691.0,691.0
1773149432,90,691,17.866666666666667,1,101.47543013630597,2.0,3.0,13.15000000000002,684.4399999999999,691.0,691.0
1773149462,90,691,17.866666666666667,1,101.47543013630597,2.0,3.0,13.15000000000002,684.4399999999999,691.0,691.0
1773149492,90,691,17.866666666666667,1,101.47543013630597,2.0,3.0,13.15000000000002,684.4399999999999,691.0,691.0
1773149522,90,691,17.866666666666667,1,101.47543013630597,2.0,3.0,13.15000000000002,684.4399999999999,691.0,691.0
1773149552,90,691,17.866666666666667,1,101.47543013630597,2.0,3.0,13.15000000000002,684.4399999999999,691.0,691.0
1773149582,90,691,17.866666666666667,1,101.47543013630597,2.0,3.0,13.15000000000002,684.4399999999999,691.0,691.0
1773149612,90,691,17.866666666666667,1,101.47543013630597,2.0,3.0,13.15000000000002,684.4399999999999,691.0,691.0
1773149642,90,691,17.866666666666667,1,101.47543013630597,2.0,3.0,13.15000000000002,684.4399999999999,691.0,691.0
1773149672,90,691,17.866666666666667,1,101.47543013630597,2.0,3.0,13.15000000000002,684.4399999999999,691.0,691.0
1773149702,90,691,17.866666666666667,1,101.47543013630597,2.0,3.0,13.15000000000002,684.4399999999999,691.0,691.0
1773149732,90,691,17.866666666666667,1,101.47543013630597,2.0,3.0,13.15000000000002,684.4399999999999,691.0,691.0
1773149762,90,691,17.866666666666667,1,101.47543013630597,2.0,3.0,13.15000000000002,684.4399999999999,691.0,691.0
1773149792,90,691,17.866666666666667,1,101.47543013630597,2.0,3.0,13.15000000000002,684.4399999999999,691.0,691.0
1773149822,92,691,17.52173913043478,1,100.3810846702682,2.0,3.0,12.44999999999996,684.12,691.0,691.0
1773149852,94,691,17.180851063829788,1,99.32308124542405,2.0,3.0,11.75,683.8,691.0,691.0
1773149882,96,691,16.854166666666668,1,98.29782662550707,2.0,3.0,11.04999999999994,683.48,691.0,691.0
1773149912,98,691,16.540816326530614,1,97.30366627980516,2.0,3.0,10.34999999999998,683.16,691.0,691.0
1773149942,100,691,16.24,1,96.33906033097139,2.0,3.0,9.949999999999989,669.6800000000027,690.92,691.0
1773149972,102,691,15.950980392156863,1,95.40257354303014,2.0,3.0,9.849999999999994,643.0399999999985,690.76,691.0
1773150002,104,691,15.673076923076923,1,94.49286635710854,2.0,2.75,9.75,616.3999999999943,690.6,691.0
1773150032,106,691,15.40566037735849,1,93.60868684779888,2.0,2.25,9.649999999999991,589.7599999999996,690.4399999999999,691.0
1773150062,108,691,15.157407407407407,1,92.74758853071262,2.0,2.75,9.549999999999997,563.1199999999955,690.28,691.0
1773150092,110,691,14.9,1,91.91239846084798,2.0,2.25,9.449999999999989,536.4800000000007,690.12,691.0
1773150122,112,691,14.678571428571429,1,91.09555564021912,2.0,2.75,9.349999999999994,509.8399999999966,689.96,691.0
1773150152,114,691,14.43859649122807,1,90.30381709586548,2.0,2.25,9.25,483.20000000000186,689.8,691.0
1773150182,116,691,14.241379310344827,1,89.5280010304918,2.0,2.75,9.149999999999991,456.55999999999773,689.64,691.0
1773150212,118,691,14.025423728813559,1,88.77489653101503,2.0,2.25,9.049999999999997,429.92000000000303,689.48,691.0
1773150242,120,691,13.808333333333334,1,88.04165322778323,2.0,2.0,8.799999999999955,403.27999999999884,689.3199999999999,691.0
1773150272,122,691,13.60655737704918,1,87.32513174528505,2.0,2.0,8.399999999999977,376.6399999999947,689.16,691.0
1773150302,124,691,13.403225806451612,1,86.6269376751423,2.0,2.0,8.0,350.0,689.0,691.0
1773150333,126,691,13.206349206349206,1,85.94522138760874,2.0,2.0,7.599999999999966,323.3599999999958,688.84,691.0
1773150363,128,691,13.0078125,0,85.28050022139769,2.0,2.0,7.199999999999989,296.72000000000116,688.68,691.0
1773150393,130,691,12.823076923076924,0,84.62983378013307,2.0,2.0,6.7999999999999545,270.07999999999697,688.52,691.0
1773150423,132,691,12.651515151515152,0,83.99281910859362,2.0,2.0,6.399999999999977,243.44000000000227,688.3599999999999,691.0
1773150453,134,691,12.485074626865671,0,83.36997305467507,2.0,2.0,6.0,216.80000000000757,688.2,691.0
1773150483,136,691,12.330882352941176,0,82.7598090994575,2.0,2.0,5.600000000000023,190.15999999999394,688.04,691.0
1773150513,138,691,12.173913043478262,0,82.16379519904514,2.0,2.0,5.199999999999932,163.51999999999924,687.8799999999999,691.0
1773150543,140,691,12.014285714285714,0,81.58140090919173,2.0,2.0,5.0,136.88000000000454,687.72,691.0
1773150573,142,691,11.859154929577464,0,81.01121466444292,2.0,2.0,5.0,110.23999999999091,687.56,691.0
1773150603,144,691,11.708333333333334,0,80.45281595075213,2.0,2.0,5.0,83.59999999999621,687.4000000000001,691.0
1773150633,146,691,11.554794520547945,0,79.9067586647232,2.0,2.0,5.0,56.960000000001514,687.24,691.0
1773150663,148,691,11.412162162162161,0,79.370819108193,2.0,2.0,5.0,30.320000000006814,687.0799999999999,691.0
1773150693,150,691,11.273333333333333,0,78.84543512354428,2.0,2.0,5.0,17.0,686.9200000000001,691.0
1773150723,152,691,11.138157894736842,0,78.33034557337136,2.0,2.0,5.0,17.0,686.76,691.0
1773150753,154,691,11.006493506493506,0,77.8252186854694,2.0,2.0,5.0,17.0,686.5999999999999,691.0
1773150783,156,691,10.878205128205128,0,77.32973746310336,2.0,2.0,5.0,17.0,686.44,691.0
1773150813,158,691,10.753164556962025,0,76.8435988498021,2.0,2.0,5.0,17.0,686.28,691.0
1773150843,160,691,10.63125,0,76.3665129511258,2.0,2.0,5.0,17.0,686.1199999999999,691.0
1773150873,162,691,10.512345679012345,0,75.89820230887075,2.0,2.0,5.0,17.0,685.96,691.0
1773150903,164,691,10.396341463414634,0,75.43840122358792,2.0,2.0,5.0,17.0,685.8,691.0
1773150933,166,691,10.289156626506024,0,74.98614500235836,2.0,2.0,5.0,17.0,685.6400000000001,691.0
1773150963,168,691,10.178571428571429,0,74.54270338461761,2.0,2.0,5.0,17.0,685.48,691.0
1773150993,170,691,10.070588235294117,0,74.10695744438416,2.0,2.0,5.0,17.0,685.3199999999999,691.0
1773151023,172,691,9.970930232558139,0,73.67809130474876,2.0,2.0,5.0,17.0,685.1600000000001,691.0
1773151053,174,691,9.873563218390805,0,73.25658519160777,2.0,2.0,5.0,17.0,685.0,691.0
1773151083,176,691,9.784090909090908,0,72.84158135313905,2.0,2.0,5.0,17.0,684.8399999999999,691.0
1773151113,178,691,9.679775280898877,0,72.43554497772763,2.0,2.0,5.0,17.0,684.6800000000001,691.0
1773151143,180,691,9.583333333333334,0,72.03551847378978,2.0,2.0,5.0,17.0,684.52,691.0
1773151173,182,691,9.489010989010989,0,71.64204597513,2.0,2.0,5.0,17.0,684.3599999999999,691.0
1773151203,184,691,9.402173913043478,0,71.25434467169381,2.0,2.0,5.0,17.0,684.2,691.0
1773151233,186,691,9.311827956989248,0,70.87346600574533,2.0,2.0,5.0,17.0,684.04,691.0
1773151263,188,691,9.22872340425532,0,70.49804354601717,2.0,2.0,5.0,17.0,683.8799999999999,691.0
1773151293,190,691,9.142105263157895,0,70.12910102346409,2.0,2.0,5.0,17.0,683.72,691.0
1773151323,192,691,9.057291666666666,0,69.76589011109239,2.0,2.0,5.0,17.0,683.56,691.0
1773151353,194,691,8.974226804123711,0,69.40826394833219,2.0,2.0,5.0,17.0,683.4000000000001,691.0
1773151383,196,691,8.88265306122449,0,69.057326651176,2.0,2.0,5.0,17.0,683.24,691.0
1773151413,198,691,8.803030303030303,0,68.71043183205371,2.0,2.0,5.0,17.0,683.0799999999999,691.0
1773151443,200,691,8.72,0,68.36931634209476,2.0,2.0,4.949999999999989,16.85999999999993,676.3400000000061,691.0
1773151473,202,691,8.643564356435643,0,68.03263544608292,2.0,2.0,4.849999999999994,16.579999999999984,663.0199999999993,691.0
1773151503,204,691,8.568627450980392,0,67.70087931611963,2.0,2.0,4.75,16.30000000000004,649.6999999999924,691.0
1773151533,206,691,8.495145631067961,0,67.37392906594928,1.5,2.0,4.649999999999977,16.019999999999897,636.3800000000045,691.0
1773151563,208,691,8.423076923076923,0,67.05166978834072,1.0,2.0,4.549999999999983,15.739999999999952,623.0599999999977,691.0
1773151593,210,691,8.352380952380953,0,66.73399038550626,1.0,2.0,4.449999999999989,15.460000000000008,609.7399999999909,691.0
1773151623,212,691,8.283018867924529,0,66.42078340827035,1.0,2.0,4.349999999999994,15.180000000000064,596.420000000003,691.0
1773151653,214,691,8.214953271028037,0,66.11194490345898,1.0,2.0,4.25,14.89999999999992,583.0999999999963,691.0
1773151683,216,691,8.148148148148149,0,65.80737426901791,1.0,2.0,4.149999999999977,14.619999999999976,569.7799999999894,691.0
1773151713,218,691,8.082568807339449,0,65.50697411640189,1.0,2.0,4.049999999999983,14.340000000000032,556.4600000000015,691.0
1773151743,220,691,8.018181818181818,0,65.21065013980683,1.0,2.0,4.0,14.059999999999889,543.1399999999946,691.0
1773151773,222,691,7.95045045045045,0,64.91883045240023,1.0,2.0,4.0,13.779999999999944,529.8200000000068,691.0
1773151803,224,691,7.888392857142857,0,64.63038095738713,1.0,2.0,4.0,13.5,516.5,691.0
1773151833,226,691,7.827433628318584,0,64.34574215082161,1.0,2.0,4.0,13.220000000000056,503.1799999999932,691.0
1773151863,228,691,7.7631578947368425,0,64.0653304541171,1.0,2.0,4.0,12.939999999999912,489.8600000000053,691.0
1773151893,230,691,7.7043478260869565,0,63.78805981451641,1.0,2.0,4.0,12.659999999999968,476.5399999999985,691.0
1773151923,232,691,7.646551724137931,0,63.51435796504283,1.0,2.0,4.0,12.380000000000024,463.21999999999167,691.0
1773151953,234,691,7.585470085470085,0,63.24462998114458,1.0,2.0,4.0,12.09999999999988,449.9000000000038,691.0
1773151983,236,691,7.529661016949152,0,62.977834411153296,1.0,2.0,4.0,11.819999999999936,436.57999999999697,691.0
1773152013,238,691,7.4789915966386555,0,62.713984569489824,1.0,2.0,4.0,11.539999999999992,423.25999999999016,691.0
1773152043,240,691,7.425,0,62.45382059660539,1.0,2.0,4.0,11.260000000000048,409.94000000000227,691.0
1773152073,242,691,7.371900826446281,0,62.196867505463636,1.0,2.0,4.0,10.979999999999905,396.61999999999546,691.0
1773152103,244,691,7.319672131147541,0,61.94305979431581,1.0,2.0,4.0,10.69999999999996,383.30000000000757,691.0
1773152133,246,691,7.2682926829268295,0,61.69233381682888,1.0,2.0,4.0,10.420000000000016,369.98000000000076,691.0
1773152163,248,691,7.213709677419355,0,61.445070212255885,1.0,2.0,4.0,10.139999999999873,356.65999999999394,691.0
1773152193,250,691,7.164,0,61.20031879067561,1.0,2.0,4.0,9.97999999999999,343.34000000000606,691.0
1773152223,252,691,7.115079365079365,0,60.95846874019273,1.0,2.0,4.0,9.939999999999998,330.01999999999924,691.0
1773152253,254,691,7.066929133858268,0,60.71946319175881,1.0,2.0,4.0,9.900000000000006,316.69999999999243,691.0
1773152283,256,691,7.01953125,0,60.4832468246049,1.0,2.0,4.0,9.859999999999985,303.38000000000454,691.0
1773152313,258,691,6.9728682170542635,0,60.2497658124683,1.0,2.0,4.0,9.819999999999993,290.06000000001666,691.0
1773152343,260,691,6.926923076923077,0,60.01896777208429,1.0,2.0,3.9499999999999886,9.780000000000001,276.7399999999909,691.0
1773152373,262,691,6.8816793893129775,0,59.79080171383086,1.0,2.0,3.8499999999999943,9.740000000000009,263.42000000000303,691.0
1773152403,264,691,6.837121212121212,0,59.56521799442098,1.0,2.0,3.75,9.699999999999989,250.10000000001514,691.0
1773152433,266,691,6.793233082706767,0,59.34216827154287,1.0,2.0,3.6499999999999773,9.659999999999968,236.7799999999894,691.0
1773152463,268,691,6.75,0,59.12160546035381,1.0,2.0,3.549999999999983,9.620000000000005,223.46000000000151,691.0
1773152493,270,691,6.707407407407407,0,58.903483691739254,1.0,2.0,3.4499999999999886,9.579999999999984,210.14000000001363,691.0
1773152523,272,691,6.665441176470588,0,58.68775827225263,1.0,2.0,3.349999999999966,9.54000000000002,196.81999999998789,691.0
1773152553,274,691,6.624087591240876,0,58.47438564565675,1.0,2.0,3.25,9.5,183.5,691.0
1773152583,274,691,6.624087591240876,0,58.47438564565675,1.0,2.0,3.25,9.5,183.5,691.0
1773152613,274,691,6.624087591240876,0,58.47438564565675,1.0,2.0,3.25,9.5,183.5,691.0
1773152643,274,691,6.624087591240876,0,58.47438564565675,1.0,2.0,3.25,9.5,183.5,691.0
1773152673,274,691,6.624087591240876,0,58.47438564565675,1.0,2.0,3.25,9.5,183.5,691.0
1773152703,274,691,6.624087591240876,0,58.47438564565675,1.0,2.0,3.25,9.5,183.5,691.0
1773152733,274,691,6.624087591240876,0,58.47438564565675,1.0,2.0,3.25,9.5,183.5,691.0
1773152763,274,691,6.624087591240876,0,58.47438564565675,1.0,2.0,3.25,9.5,183.5,691.0
1773152793,274,691,6.624087591240876,0,58.47438564565675,1.0,2.0,3.25,9.5,183.5,691.0
1773152823,274,691,6.624087591240876,0,58.47438564565675,1.0,2.0,3.25,9.5,183.5,691.0
1773152853,274,691,6.624087591240876,0,58.47438564565675,1.0,2.0,3.25,9.5,183.5,691.0
1773152883,274,691,6.624087591240876,0,58.47438564565675,1.0,2.0,3.25,9.5,183.5,691.0
1773152913,276,691,6.583333333333333,0,58.2633233559917,1.0,2.0,3.1499999999999773,9.45999999999998,170.18000000001211,691.0
1773206880,7,689,205.85714285714286,3,327.30333971787724,4.0,679.0,689.0,689.0,689.0,689.0
1773206912,8,689,180.5,3,311.3959353803909,3.5,524.25,689.0,689.0,689.0,689.0
1773206942,8,689,180.5,3,311.3959353803909,3.5,524.25,689.0,689.0,689.0,689.0
1773206972,10,689,144.8,2,284.75166568628026,3.0,214.75,689.0,689.0,689.0,689.0
1773207002,10,689,144.8,2,284.75166568628026,3.0,214.75,689.0,689.0,689.0,689.0
1773207032,10,689,144.8,2,284.75166568628026,3.0,214.75,689.0,689.0,689.0,689.0
1773207062,10,689,144.8,2,284.75166568628026,3.0,214.75,689.0,689.0,689.0,689.0
1773207092,10,689,144.8,2,284.75166568628026,3.0,214.75,689.0,689.0,689.0,689.0
1773207122,10,689,144.8,2,284.75166568628026,3.0,214.75,689.0,689.0,689.0,689.0
1773207152,10,689,144.8,2,284.75166568628026,3.0,214.75,689.0,689.0,689.0,689.0
1773207182,10,689,144.8,2,284.75166568628026,3.0,214.75,689.0,689.0,689.0,689.0
1773207212,10,689,144.8,2,284.75166568628026,3.0,214.75,689.0,689.0,689.0,689.0
1773207242,10,689,144.8,2,284.75166568628026,3.0,214.75,689.0,689.0,689.0,689.0
1773207272,10,689,144.8,2,284.75166568628026,3.0,214.75,689.0,689.0,689.0,689.0
1773207302,10,689,144.8,2,284.75166568628026,3.0,214.75,689.0,689.0,689.0,689.0
1773207332,10,689,144.8,2,284.75166568628026,3.0,214.75,689.0,689.0,689.0,689.0
1773207362,10,689,144.8,2,284.75166568628026,3.0,214.75,689.0,689.0,689.0,689.0
1773207392,10,689,144.8,2,284.75166568628026,3.0,214.75,689.0,689.0,689.0,689.0
1773207422,10,689,144.8,2,284.75166568628026,3.0,214.75,689.0,689.0,689.0,689.0
1773207452,10,689,144.8,2,284.75166568628026,3.0,214.75,689.0,689.0,689.0,689.0
1773207482,10,689,144.8,2,284.75166568628026,3.0,214.75,689.0,689.0,689.0,689.0
1773207512,10,689,144.8,2,284.75166568628026,3.0,214.75,689.0,689.0,689.0,689.0
1773207542,10,689,144.8,2,284.75166568628026,3.0,214.75,689.0,689.0,689.0,689.0
1773207572,12,689,121.0,1,263.4974555681878,3.0,46.0,689.0,689.0,689.0,689.0
1773207602,12,689,121.0,1,263.4974555681878,3.0,46.0,689.0,689.0,689.0,689.0
1773207632,16,689,91.75,1,231.64009439933608,3.0,8.5,689.0,689.0,689.0,689.0
1773207662,19,689,77.47368421052632,1,214.15346740676225,3.0,4.0,689.0,689.0,689.0,689.0
1773207693,21,689,70.19047619047619,1,204.46188374550866,3.0,3.5,688.0,689.0,689.0,689.0
1773207723,23,689,64.21739130434783,1,195.94873089239417,2.0,3.0,687.0,689.0,689.0,689.0
1773207753,25,689,59.24,1,188.3959217534534,2.0,3.0,686.0,689.0,689.0,689.0
1773207783,29,689,51.48275862068966,1,175.5348196410158,2.0,3.5,684.0,689.0,689.0,689.0
1773207813,31,689,48.29032258064516,1,170.0323878066347,2.0,3.0,683.0,689.0,689.0,689.0
1773207843,33,689,45.484848484848484,1,165.01479502080284,2.0,3.0,682.0,689.0,689.0,689.0
1773207873,35,689,42.97142857142857,1,160.42269270939963,2.0,3.0,681.0,689.0,689.0,689.0
1773207903,35,689,42.97142857142857,1,160.42269270939963,2.0,3.0,681.0,689.0,689.0,689.0
1773207933,35,689,42.97142857142857,1,160.42269270939963,2.0,3.0,681.0,689.0,689.0,689.0
1773207963,37,689,40.972972972972975,1,156.13588926289788,2.0,3.0,680.0,689.0,689.0,689.0
1773207993,39,689,39.0,1,152.21453004852964,2.0,3.0,679.0,689.0,689.0,689.0
1773208023,39,689,39.0,1,152.21453004852964,2.0,3.0,679.0,689.0,689.0,689.0
1773208053,45,689,34.06666666666667,1,142.02679004648766,2.0,3.0,493.29999999999734,689.0,689.0,689.0
1773208083,53,689,29.169811320754718,1,131.17087150985932,2.0,3.0,245.69999999999823,688.2,689.0,689.0
1773208113,55,689,28.163636363636364,1,128.82499809695375,2.0,3.0,183.79999999999737,687.8,689.0,689.0
1773208143,57,689,27.24561403508772,1,126.59684050189664,2.0,3.0,121.89999999999648,687.4,689.0,689.0
1773208173,57,689,27.24561403508772,1,126.59684050189664,2.0,3.0,121.89999999999648,687.4,689.0,689.0
1773208203,59,689,26.389830508474578,1,124.48030130120887,2.0,3.0,60.0,687.0,689.0,689.0
1773211140,0,0,0.0,0,0.0,0.0,0.0,0.0,0.0,0.0,0.0
1773211173,7,1134,345.7142857142857,5,537.447583269201,9.0,1125.0,1134.0,1134.0,1134.0,1134.0
1773211203,7,1134,345.7142857142857,5,537.447583269201,9.0,1125.0,1134.0,1134.0,1134.0,1134.0
1773211233,7,1134,345.7142857142857,5,537.447583269201,9.0,1125.0,1134.0,1134.0,1134.0,1134.0
1773211263,7,1134,345.7142857142857,5,537.447583269201,9.0,1125.0,1134.0,1134.0,1134.0,1134.0
1773211293,7,1134,345.7142857142857,5,537.447583269201,9.0,1125.0,1134.0,1134.0,1134.0,1134.0
1773211323,7,1134,345.7142857142857,5,537.447583269201,9.0,1125.0,1134.0,1134.0,1134.0,1134.0
1773211353,7,1134,345.7142857142857,5,537.447583269201,9.0,1125.0,1134.0,1134.0,1134.0,1134.0
1773211383,7,1134,345.7142857142857,5,537.447583269201,9.0,1125.0,1134.0,1134.0,1134.0,1134.0
1773211413,7,1134,345.7142857142857,5,537.447583269201,9.0,1125.0,1134.0,1134.0,1134.0,1134.0
1773211443,7,1134,345.7142857142857,5,537.447583269201,9.0,1125.0,1134.0,1134.0,1134.0,1134.0
1773211473,7,1134,345.7142857142857,5,537.447583269201,9.0,1125.0,1134.0,1134.0,1134.0,1134.0
1773211503,7,1134,345.7142857142857,5,537.447583269201,9.0,1125.0,1134.0,1134.0,1134.0,1134.0
1773211533,7,1134,345.7142857142857,5,537.447583269201,9.0,1125.0,1134.0,1134.0,1134.0,1134.0
1773211563,7,1134,345.7142857142857,5,537.447583269201,9.0,1125.0,1134.0,1134.0,1134.0,1134.0
1773211593,7,1134,345.7142857142857,5,537.447583269201,9.0,1125.0,1134.0,1134.0,1134.0,1134.0
1773211623,7,1134,345.7142857142857,5,537.447583269201,9.0,1125.0,1134.0,1134.0,1134.0,1134.0
1773211653,7,1134,345.7142857142857,5,537.447583269201,9.0,1125.0,1134.0,1134.0,1134.0,1134.0
1773211683,7,1134,345.7142857142857,5,537.447583269201,9.0,1125.0,1134.0,1134.0,1134.0,1134.0
1773211713,7,1134,345.7142857142857,5,537.447583269201,9.0,1125.0,1134.0,1134.0,1134.0,1134.0
1773211743,7,1134,345.7142857142857,5,537.447583269201,9.0,1125.0,1134.0,1134.0,1134.0,1134.0
1773211773,7,1134,345.7142857142857,5,537.447583269201,9.0,1125.0,1134.0,1134.0,1134.0,1134.0
1773211803,7,1134,345.7142857142857,5,537.447583269201,9.0,1125.0,1134.0,1134.0,1134.0,1134.0
1773211833,7,1134,345.7142857142857,5,537.447583269201,9.0,1125.0,1134.0,1134.0,1134.0,1134.0
1773211863,7,1134,345.7142857142857,5,537.447583269201,9.0,1125.0,1134.0,1134.0,1134.0,1134.0
1773211893,7,1134,345.7142857142857,5,537.447583269201,9.0,1125.0,1134.0,1134.0,1134.0,1134.0
1773211923,7,1134,345.7142857142857,5,537.447583269201,9.0,1125.0,1134.0,1134.0,1134.0,1134.0
1773211953,7,1134,345.7142857142857,5,537.447583269201,9.0,1125.0,1134.0,1134.0,1134.0,1134.0
1773211983,7,1134,345.7142857142857,5,537.447583269201,9.0,1125.0,1134.0,1134.0,1134.0,1134.0
1773212013,7,1134,345.7142857142857,5,537.447583269201,9.0,1125.0,1134.0,1134.0,1134.0,1134.0
1773212043,7,1134,345.7142857142857,5,537.447583269201,9.0,1125.0,1134.0,1134.0,1134.0,1134.0
1773212073,7,1134,345.7142857142857,5,537.447583269201,9.0,1125.0,1134.0,1134.0,1134.0,1134.0
1773212103,7,1134,345.7142857142857,5,537.447583269201,9.0,1125.0,1134.0,1134.0,1134.0,1134.0
1773212133,7,1134,345.7142857142857,5,537.447583269201,9.0,1125.0,1134.0,1134.0,1134.0,1134.0
1773212163,7,1134,345.7142857142857,5,537.447583269201,9.0,1125.0,1134.0,1134.0,1134.0,1134.0
1773212193,7,1134,345.7142857142857,5,537.447583269201,9.0,1125.0,1134.0,1134.0,1134.0,1134.0
1773212223,7,1134,345.7142857142857,5,537.447583269201,9.0,1125.0,1134.0,1134.0,1134.0,1134.0
1773212253,7,1134,345.7142857142857,5,537.447583269201,9.0,1125.0,1134.0,1134.0,1134.0,1134.0
1773212283,7,1134,345.7142857142857,5,537.447583269201,9.0,1125.0,1134.0,1134.0,1134.0,1134.0
1773212313,7,1134,345.7142857142857,5,537.447583269201,9.0,1125.0,1134.0,1134.0,1134.0,1134.0
1773212343,7,1134,345.7142857142857,5,537.447583269201,9.0,1125.0,1134.0,1134.0,1134.0,1134.0
1773212373,7,1134,345.7142857142857,5,537.447583269201,9.0,1125.0,1134.0,1134.0,1134.0,1134.0
1773212403,7,1134,345.7142857142857,5,537.447583269201,9.0,1125.0,1134.0,1134.0,1134.0,1134.0
1773212433,7,1134,345.7142857142857,5,537.447583269201,9.0,1125.0,1134.0,1134.0,1134.0,1134.0
1773212670,0,0,0.0,0,0.0,0.0,0.0,0.0,0.0,0.0,0.0
1773212820,0,0,0.0,0,0.0,0.0,0.0,0.0,0.0,0.0,0.0
1773212851,6,1216,425.6666666666667,5,609.8329825998809,61.0,1208.5,1216.0,1216.0,1216.0,1216.0
1773212881,7,1216,365.14285714285717,2,579.271504728548,6.0,1206.0,1216.0,1216.0,1216.0,1216.0
1773212911,7,1216,365.14285714285717,2,579.271504728548,6.0,1206.0,1216.0,1216.0,1216.0,1216.0
1773212941,7,1216,365.14285714285717,2,579.271504728548,6.0,1206.0,1216.0,1216.0,1216.0,1216.0
1773212971,7,1216,365.14285714285717,2,579.271504728548,6.0,1206.0,1216.0,1216.0,1216.0,1216.0
1773213001,7,1216,365.14285714285717,2,579.271504728548,6.0,1206.0,1216.0,1216.0,1216.0,1216.0
1773213031,7,1216,365.14285714285717,2,579.271504728548,6.0,1206.0,1216.0,1216.0,1216.0,1216.0
1773213061,7,1216,365.14285714285717,2,579.271504728548,6.0,1206.0,1216.0,1216.0,1216.0,1216.0
1773213091,7,1216,365.14285714285717,2,579.271504728548,6.0,1206.0,1216.0,1216.0,1216.0,1216.0
1773213121,7,1216,365.14285714285717,2,579.271504728548,6.0,1206.0,1216.0,1216.0,1216.0,1216.0
1773213151,8,1216,319.75,2,551.4554120040635,5.5,933.5,1216.0,1216.0,1216.0,1216.0
1773213181,8,1216,319.75,2,551.4554120040635,5.5,933.5,1216.0,1216.0,1216.0,1216.0
1773213211,8,1216,319.75,2,551.4554120040635,5.5,933.5,1216.0,1216.0,1216.0,1216.0
1773213241,8,1216,319.75,2,551.4554120040635,5.5,933.5,1216.0,1216.0,1216.0,1216.0
1773213271,8,1216,319.75,2,551.4554120040635,5.5,933.5,1216.0,1216.0,1216.0,1216.0
1773213301,10,1216,256.4,2,504.3422999863838,5.0,388.5,1216.0,1216.0,1216.0,1216.0
1773213331,10,1216,256.4,2,504.3422999863838,5.0,388.5,1216.0,1216.0,1216.0,1216.0
1773213361,10,1216,256.4,2,504.3422999863838,5.0,388.5,1216.0,1216.0,1216.0,1216.0
1773213391,10,1216,256.4,2,504.3422999863838,5.0,388.5,1216.0,1216.0,1216.0,1216.0
1773213421,10,1216,256.4,2,504.3422999863838,5.0,388.5,1216.0,1216.0,1216.0,1216.0
1773213451,10,1216,256.4,2,504.3422999863838,5.0,388.5,1216.0,1216.0,1216.0,1216.0
1773213481,10,1216,256.4,2,504.3422999863838,5.0,388.5,1216.0,1216.0,1216.0,1216.0
1773213511,10,1216,256.4,2,504.3422999863838,5.0,388.5,1216.0,1216.0,1216.0,1216.0
1773213541,10,1216,256.4,2,504.3422999863838,5.0,388.5,1216.0,1216.0,1216.0,1216.0
1773213571,10,1216,256.4,2,504.3422999863838,5.0,388.5,1216.0,1216.0,1216.0,1216.0
1773213601,10,1216,256.4,2,504.3422999863838,5.0,388.5,1216.0,1216.0,1216.0,1216.0
1773213631,10,1216,256.4,2,504.3422999863838,5.0,388.5,1216.0,1216.0,1216.0,1216.0
1773213661,10,1216,256.4,2,504.3422999863838,5.0,388.5,1216.0,1216.0,1216.0,1216.0
1773213691,10,1216,256.4,2,504.3422999863838,5.0,388.5,1216.0,1216.0,1216.0,1216.0
1773213721,10,1216,256.4,2,504.3422999863838,5.0,388.5,1216.0,1216.0,1216.0,1216.0
1773213751,10,1216,256.4,2,504.3422999863838,5.0,388.5,1216.0,1216.0,1216.0,1216.0
1773213781,10,1216,256.4,2,504.3422999863838,5.0,388.5,1216.0,1216.0,1216.0,1216.0
1773213811,10,1216,256.4,2,504.3422999863838,5.0,388.5,1216.0,1216.0,1216.0,1216.0
1773213841,10,1216,256.4,2,504.3422999863838,5.0,388.5,1216.0,1216.0,1216.0,1216.0
1773213871,10,1216,256.4,2,504.3422999863838,5.0,388.5,1216.0,1216.0,1216.0,1216.0
1773213901,10,1216,256.4,2,504.3422999863838,5.0,388.5,1216.0,1216.0,1216.0,1216.0
1773213931,10,1216,256.4,2,504.3422999863838,5.0,388.5,1216.0,1216.0,1216.0,1216.0
1773213961,10,1216,256.4,2,504.3422999863838,5.0,388.5,1216.0,1216.0,1216.0,1216.0
1773213991,10,1216,256.4,2,504.3422999863838,5.0,388.5,1216.0,1216.0,1216.0,1216.0
1773214021,10,1216,256.4,2,504.3422999863838,5.0,388.5,1216.0,1216.0,1216.0,1216.0
1773214051,10,1216,256.4,2,504.3422999863838,5.0,388.5,1216.0,1216.0,1216.0,1216.0
1773214081,10,1216,256.4,2,504.3422999863838,5.0,388.5,1216.0,1216.0,1216.0,1216.0
1773214111,10,1216,256.4,2,504.3422999863838,5.0,388.5,1216.0,1216.0,1216.0,1216.0
1773214141,10,1216,256.4,2,504.3422999863838,5.0,388.5,1216.0,1216.0,1216.0,1216.0
1773214171,10,1216,256.4,2,504.3422999863838,5.0,388.5,1216.0,1216.0,1216.0,1216.0
1773214201,10,1216,256.4,2,504.3422999863838,5.0,388.5,1216.0,1216.0,1216.0,1216.0
1773214231,10,1216,256.4,2,504.3422999863838,5.0,388.5,1216.0,1216.0,1216.0,1216.0
1773214261,12,1216,214.16666666666666,1,466.73699686485566,5.0,88.5,1216.0,1216.0,1216.0,1216.0
1773214291,12,1216,214.16666666666666,1,466.73699686485566,5.0,88.5,1216.0,1216.0,1216.0,1216.0
1773214321,12,1216,214.16666666666666,1,466.73699686485566,5.0,88.5,1216.0,1216.0,1216.0,1216.0
1773214352,13,1216,198.3846153846154,1,450.47503416977105,5.0,62.5,1216.0,1216.0,1216.0,1216.0
1773214382,14,1216,184.28571428571428,1,436.005544878543,5.0,35.75,1216.0,1216.0,1216.0,1216.0
1773214412,14,1216,184.28571428571428,1,436.005544878543,5.0,35.75,1216.0,1216.0,1216.0,1216.0
1773214442,14,1216,184.28571428571428,1,436.005544878543,5.0,35.75,1216.0,1216.0,1216.0,1216.0
1773214472,14,1216,184.28571428571428,1,436.005544878543,5.0,35.75,1216.0,1216.0,1216.0,1216.0
1773214502,14,1216,184.28571428571428,1,436.005544878543,5.0,35.75,1216.0,1216.0,1216.0,1216.0
1773214532,14,1216,184.28571428571428,1,436.005544878543,5.0,35.75,1216.0,1216.0,1216.0,1216.0
1773214562,14,1216,184.28571428571428,1,436.005544878543,5.0,35.75,1216.0,1216.0,1216.0,1216.0
1773214592,14,1216,184.28571428571428,1,436.005544878543,5.0,35.75,1216.0,1216.0,1216.0,1216.0
1773214622,15,1216,172.26666666666668,1,422.7162957193236,5.0,9.0,1216.0,1216.0,1216.0,1216.0
1773214652,15,1216,172.26666666666668,1,422.7162957193236,5.0,9.0,1216.0,1216.0,1216.0,1216.0
1773214682,15,1216,172.26666666666668,1,422.7162957193236,5.0,9.0,1216.0,1216.0,1216.0,1216.0
1773214712,15,1216,172.26666666666668,1,422.7162957193236,5.0,9.0,1216.0,1216.0,1216.0,1216.0
1773214742,15,1216,172.26666666666668,1,422.7162957193236,5.0,9.0,1216.0,1216.0,1216.0,1216.0
1773214772,15,1216,172.26666666666668,1,422.7162957193236,5.0,9.0,1216.0,1216.0,1216.0,1216.0
1773214802,15,1216,172.26666666666668,1,422.7162957193236,5.0,9.0,1216.0,1216.0,1216.0,1216.0
1773214832,15,1216,172.26666666666668,1,422.7162957193236,5.0,9.0,1216.0,1216.0,1216.0,1216.0
1773214862,15,1216,172.26666666666668,1,422.7162957193236,5.0,9.0,1216.0,1216.0,1216.0,1216.0
1773214892,15,1216,172.26666666666668,1,422.7162957193236,5.0,9.0,1216.0,1216.0,1216.0,1216.0
1773214922,15,1216,172.26666666666668,1,422.7162957193236,5.0,9.0,1216.0,1216.0,1216.0,1216.0
1773214952,15,1216,172.26666666666668,1,422.7162957193236,5.0,9.0,1216.0,1216.0,1216.0,1216.0
1773214982,15,1216,172.26666666666668,1,422.7162957193236,5.0,9.0,1216.0,1216.0,1216.0,1216.0
1773215012,15,1216,172.26666666666668,1,422.7162957193236,5.0,9.0,1216.0,1216.0,1216.0,1216.0
1773215042,15,1216,172.26666666666668,1,422.7162957193236,5.0,9.0,1216.0,1216.0,1216.0,1216.0
1773215072,15,1216,172.26666666666668,1,422.7162957193236,5.0,9.0,1216.0,1216.0,1216.0,1216.0
1773215102,15,1216,172.26666666666668,1,422.7162957193236,5.0,9.0,1216.0,1216.0,1216.0,1216.0
1773215132,15,1216,172.26666666666668,1,422.7162957193236,5.0,9.0,1216.0,1216.0,1216.0,1216.0
1773215162,15,1216,172.26666666666668,1,422.7162957193236,5.0,9.0,1216.0,1216.0,1216.0,1216.0
1773215192,15,1216,172.26666666666668,1,422.7162957193236,5.0,9.0,1216.0,1216.0,1216.0,1216.0
1773215222,15,1216,172.26666666666668,1,422.7162957193236,5.0,9.0,1216.0,1216.0,1216.0,1216.0
1773215252,15,1216,172.26666666666668,1,422.7162957193236,5.0,9.0,1216.0,1216.0,1216.0,1216.0
1773215282,15,1216,172.26666666666668,1,422.7162957193236,5.0,9.0,1216.0,1216.0,1216.0,1216.0
1773215312,15,1216,172.26666666666668,1,422.7162957193236,5.0,9.0,1216.0,1216.0,1216.0,1216.0
1773215342,15,1216,172.26666666666668,1,422.7162957193236,5.0,9.0,1216.0,1216.0,1216.0,1216.0
1773215372,15,1216,172.26666666666668,1,422.7162957193236,5.0,9.0,1216.0,1216.0,1216.0,1216.0
1773215402,15,1216,172.26666666666668,1,422.7162957193236,5.0,9.0,1216.0,1216.0,1216.0,1216.0
1773215432,15,1216,172.26666666666668,1,422.7162957193236,5.0,9.0,1216.0,1216.0,1216.0,1216.0
1773215462,15,1216,172.26666666666668,1,422.7162957193236,5.0,9.0,1216.0,1216.0,1216.0,1216.0
1773215492,15,1216,172.26666666666668,1,422.7162957193236,5.0,9.0,1216.0,1216.0,1216.0,1216.0
1773215522,15,1216,172.26666666666668,1,422.7162957193236,5.0,9.0,1216.0,1216.0,1216.0,1216.0
1773215552,15,1216,172.26666666666668,1,422.7162957193236,5.0,9.0,1216.0,1216.0,1216.0,1216.0
1773215582,15,1216,172.26666666666668,1,422.7162957193236,5.0,9.0,1216.0,1216.0,1216.0,1216.0
1773215612,15,1216,172.26666666666668,1,422.7162957193236,5.0,9.0,1216.0,1216.0,1216.0,1216.0
1773215642,15,1216,172.26666666666668,1,422.7162957193236,5.0,9.0,1216.0,1216.0,1216.0,1216.0
1773215672,15,1216,172.26666666666668,1,422.7162957193236,5.0,9.0,1216.0,1216.0,1216.0,1216.0
1773215702,15,1216,172.26666666666668,1,422.7162957193236,5.0,9.0,1216.0,1216.0,1216.0,1216.0
1773215732,15,1216,172.26666666666668,1,422.7162957193236,5.0,9.0,1216.0,1216.0,1216.0,1216.0
1773215762,15,1216,172.26666666666668,1,422.7162957193236,5.0,9.0,1216.0,1216.0,1216.0,1216.0
1773215792,15,1216,172.26666666666668,1,422.7162957193236,5.0,9.0,1216.0,1216.0,1216.0,1216.0
1773215822,15,1216,172.26666666666668,1,422.7162957193236,5.0,9.0,1216.0,1216.0,1216.0,1216.0
1773215852,15,1216,172.26666666666668,1,422.7162957193236,5.0,9.0,1216.0,1216.0,1216.0,1216.0
1773215882,15,1216,172.26666666666668,1,422.7162957193236,5.0,9.0,1216.0,1216.0,1216.0,1216.0
1773215912,15,1216,172.26666666666668,1,422.7162957193236,5.0,9.0,1216.0,1216.0,1216.0,1216.0
1773215942,15,1216,172.26666666666668,1,422.7162957193236,5.0,9.0,1216.0,1216.0,1216.0,1216.0
1773215972,15,1216,172.26666666666668,1,422.7162957193236,5.0,9.0,1216.0,1216.0,1216.0,1216.0
1773216002,15,1216,172.26666666666668,1,422.7162957193236,5.0,9.0,1216.0,1216.0,1216.0,1216.0
1773216032,15,1216,172.26666666666668,1,422.7162957193236,5.0,9.0,1216.0,1216.0,1216.0,1216.0
1773216062,15,1216,172.26666666666668,1,422.7162957193236,5.0,9.0,1216.0,1216.0,1216.0,1216.0
1773216092,15,1216,172.26666666666668,1,422.7162957193236,5.0,9.0,1216.0,1216.0,1216.0,1216.0
1773216122,15,1216,172.26666666666668,1,422.7162957193236,5.0,9.0,1216.0,1216.0,1216.0,1216.0
1773216152,15,1216,172.26666666666668,1,422.7162957193236,5.0,9.0,1216.0,1216.0,1216.0,1216.0
1773216182,15,1216,172.26666666666668,1,422.7162957193236,5.0,9.0,1216.0,1216.0,1216.0,1216.0
1773216212,15,1216,172.26666666666668,1,422.7162957193236,5.0,9.0,1216.0,1216.0,1216.0,1216.0
1773216242,15,1216,172.26666666666668,1,422.7162957193236,5.0,9.0,1216.0,1216.0,1216.0,1216.0
1773216272,15,1216,172.26666666666668,1,422.7162957193236,5.0,9.0,1216.0,1216.0,1216.0,1216.0
1773216302,15,1216,172.26666666666668,1,422.7162957193236,5.0,9.0,1216.0,1216.0,1216.0,1216.0
1773216332,15,1216,172.26666666666668,1,422.7162957193236,5.0,9.0,1216.0,1216.0,1216.0,1216.0
1773216362,15,1216,172.26666666666668,1,422.7162957193236,5.0,9.0,1216.0,1216.0,1216.0,1216.0
1773216392,15,1216,172.26666666666668,1,422.7162957193236,5.0,9.0,1216.0,1216.0,1216.0,1216.0
1773216422,15,1216,172.26666666666668,1,422.7162957193236,5.0,9.0,1216.0,1216.0,1216.0,1216.0
1773216452,15,1216,172.26666666666668,1,422.7162957193236,5.0,9.0,1216.0,1216.0,1216.0,1216.0
1773216482,15,1216,172.26666666666668,1,422.7162957193236,5.0,9.0,1216.0,1216.0,1216.0,1216.0
1773216512,15,1216,172.26666666666668,1,422.7162957193236,5.0,9.0,1216.0,1216.0,1216.0,1216.0
1773216542,15,1216,172.26666666666668,1,422.7162957193236,5.0,9.0,1216.0,1216.0,1216.0,1216.0
1773216572,15,1216,172.26666666666668,1,422.7162957193236,5.0,9.0,1216.0,1216.0,1216.0,1216.0
1773216602,15,1216,172.26666666666668,1,422.7162957193236,5.0,9.0,1216.0,1216.0,1216.0,1216.0
1773216632,15,1216,172.26666666666668,1,422.7162957193236,5.0,9.0,1216.0,1216.0,1216.0,1216.0
1773216662,15,1216,172.26666666666668,1,422.7162957193236,5.0,9.0,1216.0,1216.0,1216.0,1216.0
1773216692,17,1216,156.23529411764707,1,397.99631427498247,5.0,36.0,1216.0,1216.0,1216.0,1216.0
1773243090,0,0,0.0,0,0.0,0.0,0.0,0.0,0.0,0.0,0.0
1773243124,0,0,0.0,0,0.0,0.0,0.0,0.0,0.0,0.0,0.0
1773243154,2,1813,1805.0,1797,11.313708498984761,1805.0,1813.0,1813.0,1813.0,1813.0,1813.0
1773243184,2,1813,1805.0,1797,11.313708498984761,1805.0,1813.0,1813.0,1813.0,1813.0,1813.0
1773243214,2,1813,1805.0,1797,11.313708498984761,1805.0,1813.0,1813.0,1813.0,1813.0,1813.0
1773243244,2,1813,1805.0,1797,11.313708498984761,1805.0,1813.0,1813.0,1813.0,1813.0,1813.0
1773243274,2,1813,1805.0,1797,11.313708498984761,1805.0,1813.0,1813.0,1813.0,1813.0,1813.0
1773243304,2,1813,1805.0,1797,11.313708498984761,1805.0,1813.0,1813.0,1813.0,1813.0,1813.0
1773243334,2,1813,1805.0,1797,11.313708498984761,1805.0,1813.0,1813.0,1813.0,1813.0,1813.0
1773243364,2,1813,1805.0,1797,11.313708498984761,1805.0,1813.0,1813.0,1813.0,1813.0,1813.0
1773243394,2,1813,1805.0,1797,11.313708498984761,1805.0,1813.0,1813.0,1813.0,1813.0,1813.0
1773243427,2,1813,1805.0,1797,11.313708498984761,1805.0,1813.0,1813.0,1813.0,1813.0,1813.0
1773243457,2,1813,1805.0,1797,11.313708498984761,1805.0,1813.0,1813.0,1813.0,1813.0,1813.0
1773243487,2,1813,1805.0,1797,11.313708498984761,1805.0,1813.0,1813.0,1813.0,1813.0,1813.0
1773243517,2,1813,1805.0,1797,11.313708498984761,1805.0,1813.0,1813.0,1813.0,1813.0,1813.0
1773243547,2,1813,1805.0,1797,11.313708498984761,1805.0,1813.0,1813.0,1813.0,1813.0,1813.0
1773243577,2,1813,1805.0,1797,11.313708498984761,1805.0,1813.0,1813.0,1813.0,1813.0,1813.0
1773243607,2,1813,1805.0,1797,11.313708498984761,1805.0,1813.0,1813.0,1813.0,1813.0,1813.0
1773243637,2,1813,1805.0,1797,11.313708498984761,1805.0,1813.0,1813.0,1813.0,1813.0,1813.0
1773243667,2,1813,1805.0,1797,11.313708498984761,1805.0,1813.0,1813.0,1813.0,1813.0,1813.0
1773243697,2,1813,1805.0,1797,11.313708498984761,1805.0,1813.0,1813.0,1813.0,1813.0,1813.0
1773243727,2,1813,1805.0,1797,11.313708498984761,1805.0,1813.0,1813.0,1813.0,1813.0,1813.0
1773243757,2,1813,1805.0,1797,11.313708498984761,1805.0,1813.0,1813.0,1813.0,1813.0,1813.0
1773243787,2,1813,1805.0,1797,11.313708498984761,1805.0,1813.0,1813.0,1813.0,1813.0,1813.0
1773243930,2,1813,1805.0,1797,11.313708498984761,1805.0,1813.0,1813.0,1813.0,1813.0,1813.0
1773243960,2,1813,1805.0,1797,11.313708498984761,1805.0,1813.0,1813.0,1813.0,1813.0,1813.0
1773243990,2,1813,1805.0,1797,11.313708498984761,1805.0,1813.0,1813.0,1813.0,1813.0,1813.0
1773244020,2,1813,1805.0,1797,11.313708498984761,1805.0,1813.0,1813.0,1813.0,1813.0,1813.0
1773244050,2,1813,1805.0,1797,11.313708498984761,1805.0,1813.0,1813.0,1813.0,1813.0,1813.0
1773244080,2,1813,1805.0,1797,11.313708498984761,1805.0,1813.0,1813.0,1813.0,1813.0,1813.0
1773244110,2,1813,1805.0,1797,11.313708498984761,1805.0,1813.0,1813.0,1813.0,1813.0,1813.0
1773244140,2,1813,1805.0,1797,11.313708498984761,1805.0,1813.0,1813.0,1813.0,1813.0,1813.0
1773244170,2,1813,1805.0,1797,11.313708498984761,1805.0,1813.0,1813.0,1813.0,1813.0,1813.0
1773244200,2,1813,1805.0,1797,11.313708498984761,1805.0,1813.0,1813.0,1813.0,1813.0,1813.0
1773244230,2,1813,1805.0,1797,11.313708498984761,1805.0,1813.0,1813.0,1813.0,1813.0,1813.0
1773244260,2,1813,1805.0,1797,11.313708498984761,1805.0,1813.0,1813.0,1813.0,1813.0,1813.0
1773244290,2,1813,1805.0,1797,11.313708498984761,1805.0,1813.0,1813.0,1813.0,1813.0,1813.0
1773244320,2,1813,1805.0,1797,11.313708498984761,1805.0,1813.0,1813.0,1813.0,1813.0,1813.0
1773244350,2,1813,1805.0,1797,11.313708498984761,1805.0,1813.0,1813.0,1813.0,1813.0,1813.0
1773244380,2,1813,1805.0,1797,11.313708498984761,1805.0,1813.0,1813.0,1813.0,1813.0,1813.0
1773244410,2,1813,1805.0,1797,11.313708498984761,1805.0,1813.0,1813.0,1813.0,1813.0,1813.0
1773244440,2,1813,1805.0,1797,11.313708498984761,1805.0,1813.0,1813.0,1813.0,1813.0,1813.0
1773244470,2,1813,1805.0,1797,11.313708498984761,1805.0,1813.0,1813.0,1813.0,1813.0,1813.0
1773244500,2,1813,1805.0,1797,11.313708498984761,1805.0,1813.0,1813.0,1813.0,1813.0,1813.0
1773244530,2,1813,1805.0,1797,11.313708498984761,1805.0,1813.0,1813.0,1813.0,1813.0,1813.0
1773244560,2,1813,1805.0,1797,11.313708498984761,1805.0,1813.0,1813.0,1813.0,1813.0,1813.0
1773244590,2,1813,1805.0,1797,11.313708498984761,1805.0,1813.0,1813.0,1813.0,1813.0,1813.0
1773244620,2,1813,1805.0,1797,11.313708498984761,1805.0,1813.0,1813.0,1813.0,1813.0,1813.0
1773244650,2,1813,1805.0,1797,11.313708498984761,1805.0,1813.0,1813.0,1813.0,1813.0,1813.0
1773244680,2,1813,1805.0,1797,11.313708498984761,1805.0,1813.0,1813.0,1813.0,1813.0,1813.0
1773244710,2,1813,1805.0,1797,11.313708498984761,1805.0,1813.0,1813.0,1813.0,1813.0,1813.0
1773244740,2,1813,1805.0,1797,11.313708498984761,1805.0,1813.0,1813.0,1813.0,1813.0,1813.0
1773244770,2,1813,1805.0,1797,11.313708498984761,1805.0,1813.0,1813.0,1813.0,1813.0,1813.0
1773244800,2,1813,1805.0,1797,11.313708498984761,1805.0,1813.0,1813.0,1813.0,1813.0,1813.0
1773244830,2,1813,1805.0,1797,11.313708498984761,1805.0,1813.0,1813.0,1813.0,1813.0,1813.0
1773244860,2,1813,1805.0,1797,11.313708498984761,1805.0,1813.0,1813.0,1813.0,1813.0,1813.0
1773244890,2,1813,1805.0,1797,11.313708498984761,1805.0,1813.0,1813.0,1813.0,1813.0,1813.0
1773244920,2,1813,1805.0,1797,11.313708498984761,1805.0,1813.0,1813.0,1813.0,1813.0,1813.0
1773244950,2,1813,1805.0,1797,11.313708498984761,1805.0,1813.0,1813.0,1813.0,1813.0,1813.0
1773244981,2,1813,1805.0,1797,11.313708498984761,1805.0,1813.0,1813.0,1813.0,1813.0,1813.0
1773245011,2,1813,1805.0,1797,11.313708498984761,1805.0,1813.0,1813.0,1813.0,1813.0,1813.0
1773245041,2,1813,1805.0,1797,11.313708498984761,1805.0,1813.0,1813.0,1813.0,1813.0,1813.0
1773245071,2,1813,1805.0,1797,11.313708498984761,1805.0,1813.0,1813.0,1813.0,1813.0,1813.0
1773245101,2,1813,1805.0,1797,11.313708498984761,1805.0,1813.0,1813.0,1813.0,1813.0,1813.0
1773245131,2,1813,1805.0,1797,11.313708498984761,1805.0,1813.0,1813.0,1813.0,1813.0,1813.0
1773245161,2,1813,1805.0,1797,11.313708498984761,1805.0,1813.0,1813.0,1813.0,1813.0,1813.0
1773245191,2,1813,1805.0,1797,11.313708498984761,1805.0,1813.0,1813.0,1813.0,1813.0,1813.0
1773245221,2,1813,1805.0,1797,11.313708498984761,1805.0,1813.0,1813.0,1813.0,1813.0,1813.0
1773245251,2,1813,1805.0,1797,11.313708498984761,1805.0,1813.0,1813.0,1813.0,1813.0,1813.0
1773245281,2,1813,1805.0,1797,11.313708498984761,1805.0,1813.0,1813.0,1813.0,1813.0,1813.0
1773245311,2,1813,1805.0,1797,11.313708498984761,1805.0,1813.0,1813.0,1813.0,1813.0,1813.0
1773245341,2,1813,1805.0,1797,11.313708498984761,1805.0,1813.0,1813.0,1813.0,1813.0,1813.0
1773245371,2,1813,1805.0,1797,11.313708498984761,1805.0,1813.0,1813.0,1813.0,1813.0,1813.0
1773245401,2,1813,1805.0,1797,11.313708498984761,1805.0,1813.0,1813.0,1813.0,1813.0,1813.0
1773249690,2,672,666.5,661,7.7781745930520225,666.5,672.0,672.0,672.0,672.0,672.0
1773249722,2,672,666.5,661,7.7781745930520225,666.5,672.0,672.0,672.0,672.0,672.0
1773249752,2,672,666.5,661,7.7781745930520225,666.5,672.0,672.0,672.0,672.0,672.0
1773249782,2,672,666.5,661,7.7781745930520225,666.5,672.0,672.0,672.0,672.0,672.0
1773249812,2,672,666.5,661,7.7781745930520225,666.5,672.0,672.0,672.0,672.0,672.0
1773249842,2,672,666.5,661,7.7781745930520225,666.5,672.0,672.0,672.0,672.0,672.0
1773249872,2,672,666.5,661,7.7781745930520225,666.5,672.0,672.0,672.0,672.0,672.0
1773249902,2,672,666.5,661,7.7781745930520225,666.5,672.0,672.0,672.0,672.0,672.0
1773249932,2,672,666.5,661,7.7781745930520225,666.5,672.0,672.0,672.0,672.0,672.0
1773249962,2,672,666.5,661,7.7781745930520225,666.5,672.0,672.0,672.0,672.0,672.0
1773249992,2,672,666.5,661,7.7781745930520225,666.5,672.0,672.0,672.0,672.0,672.0
1773250022,2,672,666.5,661,7.7781745930520225,666.5,672.0,672.0,672.0,672.0,672.0
1773250052,2,672,666.5,661,7.7781745930520225,666.5,672.0,672.0,672.0,672.0,672.0
1773250082,2,672,666.5,661,7.7781745930520225,666.5,672.0,672.0,672.0,672.0,672.0
1773250112,2,672,666.5,661,7.7781745930520225,666.5,672.0,672.0,672.0,672.0,672.0
1773250142,2,672,666.5,661,7.7781745930520225,666.5,672.0,672.0,672.0,672.0,672.0
1773250173,2,672,666.5,661,7.7781745930520225,666.5,672.0,672.0,672.0,672.0,672.0
1773250203,2,672,666.5,661,7.7781745930520225,666.5,672.0,672.0,672.0,672.0,672.0
1773250233,2,672,666.5,661,7.7781745930520225,666.5,672.0,672.0,672.0,672.0,672.0
1773250263,2,672,666.5,661,7.7781745930520225,666.5,672.0,672.0,672.0,672.0,672.0
1773250293,2,672,666.5,661,7.7781745930520225,666.5,672.0,672.0,672.0,672.0,672.0
1773250323,2,672,666.5,661,7.7781745930520225,666.5,672.0,672.0,672.0,672.0,672.0
1773250353,2,672,666.5,661,7.7781745930520225,666.5,672.0,672.0,672.0,672.0,672.0
1773250383,2,672,666.5,661,7.7781745930520225,666.5,672.0,672.0,672.0,672.0,672.0
1773250413,2,672,666.5,661,7.7781745930520225,666.5,672.0,672.0,672.0,672.0,672.0
1773250443,2,672,666.5,661,7.7781745930520225,666.5,672.0,672.0,672.0,672.0,672.0
1773250473,2,672,666.5,661,7.7781745930520225,666.5,672.0,672.0,672.0,672.0,672.0
1773250503,2,672,666.5,661,7.7781745930520225,666.5,672.0,672.0,672.0,672.0,672.0
1773250533,2,672,666.5,661,7.7781745930520225,666.5,672.0,672.0,672.0,672.0,672.0
1773250563,2,672,666.5,661,7.7781745930520225,666.5,672.0,672.0,672.0,672.0,672.0
1773250593,2,672,666.5,661,7.7781745930520225,666.5,672.0,672.0,672.0,672.0,672.0
1773250623,2,672,666.5,661,7.7781745930520225,666.5,672.0,672.0,672.0,672.0,672.0
1773250653,2,672,666.5,661,7.7781745930520225,666.5,672.0,672.0,672.0,672.0,672.0
1773250683,2,672,666.5,661,7.7781745930520225,666.5,672.0,672.0,672.0,672.0,672.0
1773250713,2,672,666.5,661,7.7781745930520225,666.5,672.0,672.0,672.0,672.0,672.0
1773250743,2,672,666.5,661,7.7781745930520225,666.5,672.0,672.0,672.0,672.0,672.0
1773250773,2,672,666.5,661,7.7781745930520225,666.5,672.0,672.0,672.0,672.0,672.0
1773250803,2,672,666.5,661,7.7781745930520225,666.5,672.0,672.0,672.0,672.0,672.0
1773250833,2,672,666.5,661,7.7781745930520225,666.5,672.0,672.0,672.0,672.0,672.0
1773250863,2,672,666.5,661,7.7781745930520225,666.5,672.0,672.0,672.0,672.0,672.0
1773250893,2,672,666.5,661,7.7781745930520225,666.5,672.0,672.0,672.0,672.0,672.0
1773250923,2,672,666.5,661,7.7781745930520225,666.5,672.0,672.0,672.0,672.0,672.0
1773250953,2,672,666.5,661,7.7781745930520225,666.5,672.0,672.0,672.0,672.0,672.0
1773250983,2,672,666.5,661,7.7781745930520225,666.5,672.0,672.0,672.0,672.0,672.0
1773251013,2,672,666.5,661,7.7781745930520225,666.5,672.0,672.0,672.0,672.0,672.0
1773251043,2,672,666.5,661,7.7781745930520225,666.5,672.0,672.0,672.0,672.0,672.0
1773251073,2,672,666.5,661,7.7781745930520225,666.5,672.0,672.0,672.0,672.0,672.0
1773251103,2,672,666.5,661,7.7781745930520225,666.5,672.0,672.0,672.0,672.0,672.0
1773251133,2,672,666.5,661,7.7781745930520225,666.5,672.0,672.0,672.0,672.0,672.0
1773251163,2,672,666.5,661,7.7781745930520225,666.5,672.0,672.0,672.0,672.0,672.0
1773251193,2,672,666.5,661,7.7781745930520225,666.5,672.0,672.0,672.0,672.0,672.0
1773251223,2,672,666.5,661,7.7781745930520225,666.5,672.0,672.0,672.0,672.0,672.0
1773251253,2,672,666.5,661,7.7781745930520225,666.5,672.0,672.0,672.0,672.0,672.0
1773251283,2,672,666.5,661,7.7781745930520225,666.5,672.0,672.0,672.0,672.0,672.0
1773251313,2,672,666.5,661,7.7781745930520225,666.5,672.0,672.0,672.0,672.0,672.0
1773251343,2,672,666.5,661,7.7781745930520225,666.5,672.0,672.0,672.0,672.0,672.0
1773251373,2,672,666.5,661,7.7781745930520225,666.5,672.0,672.0,672.0,672.0,672.0
1773251403,2,672,666.5,661,7.7781745930520225,666.5,672.0,672.0,672.0,672.0,672.0
1773251433,2,672,666.5,661,7.7781745930520225,666.5,672.0,672.0,672.0,672.0,672.0
1773251463,2,672,666.5,661,7.7781745930520225,666.5,672.0,672.0,672.0,672.0,672.0
1773251493,2,672,666.5,661,7.7781745930520225,666.5,672.0,672.0,672.0,672.0,672.0
1773251523,2,672,666.5,661,7.7781745930520225,666.5,672.0,672.0,672.0,672.0,672.0
1773251553,2,672,666.5,661,7.7781745930520225,666.5,672.0,672.0,672.0,672.0,672.0
1773251583,2,672,666.5,661,7.7781745930520225,666.5,672.0,672.0,672.0,672.0,672.0
1773251613,2,672,666.5,661,7.7781745930520225,666.5,672.0,672.0,672.0,672.0,672.0
1773251643,2,672,666.5,661,7.7781745930520225,666.5,672.0,672.0,672.0,672.0,672.0
1773251673,2,672,666.5,661,7.7781745930520225,666.5,672.0,672.0,672.0,672.0,672.0
1773251703,2,672,666.5,661,7.7781745930520225,666.5,672.0,672.0,672.0,672.0,672.0
1773251733,2,672,666.5,661,7.7781745930520225,666.5,672.0,672.0,672.0,672.0,672.0
1773251763,2,672,666.5,661,7.7781745930520225,666.5,672.0,672.0,672.0,672.0,672.0
1773251793,2,672,666.5,661,7.7781745930520225,666.5,672.0,672.0,672.0,672.0,672.0
1773251823,2,672,666.5,661,7.7781745930520225,666.5,672.0,672.0,672.0,672.0,672.0
1773251853,2,672,666.5,661,7.7781745930520225,666.5,672.0,672.0,672.0,672.0,672.0
1773251883,2,672,666.5,661,7.7781745930520225,666.5,672.0,672.0,672.0,672.0,672.0
1773251913,2,672,666.5,661,7.7781745930520225,666.5,672.0,672.0,672.0,672.0,672.0
1773251943,2,672,666.5,661,7.7781745930520225,666.5,672.0,672.0,672.0,672.0,672.0
1773251973,2,672,666.5,661,7.7781745930520225,666.5,672.0,672.0,672.0,672.0,672.0
1773252003,2,672,666.5,661,7.7781745930520225,666.5,672.0,672.0,672.0,672.0,672.0
1773252033,2,672,666.5,661,7.7781745930520225,666.5,672.0,672.0,672.0,672.0,672.0
1773252063,2,672,666.5,661,7.7781745930520225,666.5,672.0,672.0,672.0,672.0,672.0
1773252093,2,672,666.5,661,7.7781745930520225,666.5,672.0,672.0,672.0,672.0,672.0
1773252123,2,672,666.5,661,7.7781745930520225,666.5,672.0,672.0,672.0,672.0,672.0
1773252153,2,672,666.5,661,7.7781745930520225,666.5,672.0,672.0,672.0,672.0,672.0
1773252183,2,672,666.5,661,7.7781745930520225,666.5,672.0,672.0,672.0,672.0,672.0
1773252213,2,672,666.5,661,7.7781745930520225,666.5,672.0,672.0,672.0,672.0,672.0
1773252243,2,672,666.5,661,7.7781745930520225,666.5,672.0,672.0,672.0,672.0,672.0
1773252273,2,672,666.5,661,7.7781745930520225,666.5,672.0,672.0,672.0,672.0,672.0
1773252303,2,672,666.5,661,7.7781745930520225,666.5,672.0,672.0,672.0,672.0,672.0
1773252333,2,672,666.5,661,7.7781745930520225,666.5,672.0,672.0,672.0,672.0,672.0
1773252363,2,672,666.5,661,7.7781745930520225,666.5,672.0,672.0,672.0,672.0,672.0
1773252393,2,672,666.5,661,7.7781745930520225,666.5,672.0,672.0,672.0,672.0,672.0
1773252423,2,672,666.5,661,7.7781745930520225,666.5,672.0,672.0,672.0,672.0,672.0
1773252453,2,672,666.5,661,7.7781745930520225,666.5,672.0,672.0,672.0,672.0,672.0
1773252483,2,672,666.5,661,7.7781745930520225,666.5,672.0,672.0,672.0,672.0,672.0
1773252513,2,672,666.5,661,7.7781745930520225,666.5,672.0,672.0,672.0,672.0,672.0
1773252543,2,672,666.5,661,7.7781745930520225,666.5,672.0,672.0,672.0,672.0,672.0
1773252573,2,672,666.5,661,7.7781745930520225,666.5,672.0,672.0,672.0,672.0,672.0
1773252603,2,672,666.5,661,7.7781745930520225,666.5,672.0,672.0,672.0,672.0,672.0
1773252633,2,672,666.5,661,7.7781745930520225,666.5,672.0,672.0,672.0,672.0,672.0
1773252663,2,672,666.5,661,7.7781745930520225,666.5,672.0,672.0,672.0,672.0,672.0
1773252693,2,672,666.5,661,7.7781745930520225,666.5,672.0,672.0,672.0,672.0,672.0
1773252723,2,672,666.5,661,7.7781745930520225,666.5,672.0,672.0,672.0,672.0,672.0
1773252753,2,672,666.5,661,7.7781745930520225,666.5,672.0,672.0,672.0,672.0,672.0
1773252783,2,672,666.5,661,7.7781745930520225,666.5,672.0,672.0,672.0,672.0,672.0
1773252813,2,672,666.5,661,7.7781745930520225,666.5,672.0,672.0,672.0,672.0,672.0
1773252843,2,672,666.5,661,7.7781745930520225,666.5,672.0,672.0,672.0,672.0,672.0
1773252873,2,672,666.5,661,7.7781745930520225,666.5,672.0,672.0,672.0,672.0,672.0
1773252903,2,672,666.5,661,7.7781745930520225,666.5,672.0,672.0,672.0,672.0,672.0
1773252933,2,672,666.5,661,7.7781745930520225,666.5,672.0,672.0,672.0,672.0,672.0
1773252963,2,672,666.5,661,7.7781745930520225,666.5,672.0,672.0,672.0,672.0,672.0
1773252993,2,672,666.5,661,7.7781745930520225,666.5,672.0,672.0,672.0,672.0,672.0
1773253023,2,672,666.5,661,7.7781745930520225,666.5,672.0,672.0,672.0,672.0,672.0
1773253053,2,672,666.5,661,7.7781745930520225,666.5,672.0,672.0,672.0,672.0,672.0
1773253083,2,672,666.5,661,7.7781745930520225,666.5,672.0,672.0,672.0,672.0,672.0
1773253114,2,672,666.5,661,7.7781745930520225,666.5,672.0,672.0,672.0,672.0,672.0
1773253144,2,672,666.5,661,7.7781745930520225,666.5,672.0,672.0,672.0,672.0,672.0
1773253174,2,672,666.5,661,7.7781745930520225,666.5,672.0,672.0,672.0,672.0,672.0
1773253204,2,672,666.5,661,7.7781745930520225,666.5,672.0,672.0,672.0,672.0,672.0
1773253234,2,672,666.5,661,7.7781745930520225,666.5,672.0,672.0,672.0,672.0,672.0
1773253264,2,672,666.5,661,7.7781745930520225,666.5,672.0,672.0,672.0,672.0,672.0
1773253294,2,672,666.5,661,7.7781745930520225,666.5,672.0,672.0,672.0,672.0,672.0
1773253324,2,672,666.5,661,7.7781745930520225,666.5,672.0,672.0,672.0,672.0,672.0
1773253354,2,672,666.5,661,7.7781745930520225,666.5,672.0,672.0,672.0,672.0,672.0
1773253384,2,672,666.5,661,7.7781745930520225,666.5,672.0,672.0,672.0,672.0,672.0
1773253414,2,672,666.5,661,7.7781745930520225,666.5,672.0,672.0,672.0,672.0,672.0
1773253444,2,672,666.5,661,7.7781745930520225,666.5,672.0,672.0,672.0,672.0,672.0
1773253474,2,672,666.5,661,7.7781745930520225,666.5,672.0,672.0,672.0,672.0,672.0
1773253504,2,672,666.5,661,7.7781745930520225,666.5,672.0,672.0,672.0,672.0,672.0
1773253534,2,672,666.5,661,7.7781745930520225,666.5,672.0,672.0,672.0,672.0,672.0
1773253564,2,672,666.5,661,7.7781745930520225,666.5,672.0,672.0,672.0,672.0,672.0
1773253594,2,672,666.5,661,7.7781745930520225,666.5,672.0,672.0,672.0,672.0,672.0
1773253624,2,672,666.5,661,7.7781745930520225,666.5,672.0,672.0,672.0,672.0,672.0
1773253654,2,672,666.5,661,7.7781745930520225,666.5,672.0,672.0,672.0,672.0,672.0
1773253684,2,672,666.5,661,7.7781745930520225,666.5,672.0,672.0,672.0,672.0,672.0
1773253714,2,672,666.5,661,7.7781745930520225,666.5,672.0,672.0,672.0,672.0,672.0
1773253744,2,672,666.5,661,7.7781745930520225,666.5,672.0,672.0,672.0,672.0,672.0
1773253774,2,672,666.5,661,7.7781745930520225,666.5,672.0,672.0,672.0,672.0,672.0
1773253804,2,672,666.5,661,7.7781745930520225,666.5,672.0,672.0,672.0,672.0,672.0
1773253834,2,672,666.5,661,7.7781745930520225,666.5,672.0,672.0,672.0,672.0,672.0
1773253864,2,672,666.5,661,7.7781745930520225,666.5,672.0,672.0,672.0,672.0,672.0
1773253894,2,672,666.5,661,7.7781745930520225,666.5,672.0,672.0,672.0,672.0,672.0
1773253924,2,672,666.5,661,7.7781745930520225,666.5,672.0,672.0,672.0,672.0,672.0
1773253954,2,672,666.5,661,7.7781745930520225,666.5,672.0,672.0,672.0,672.0,672.0
1773253984,2,672,666.5,661,7.7781745930520225,666.5,672.0,672.0,672.0,672.0,672.0
1773254014,2,672,666.5,661,7.7781745930520225,666.5,672.0,672.0,672.0,672.0,672.0
1773254044,2,672,666.5,661,7.7781745930520225,666.5,672.0,672.0,672.0,672.0,672.0
1773254074,2,672,666.5,661,7.7781745930520225,666.5,672.0,672.0,672.0,672.0,672.0
1773254104,2,672,666.5,661,7.7781745930520225,666.5,672.0,672.0,672.0,672.0,672.0
1773254134,2,672,666.5,661,7.7781745930520225,666.5,672.0,672.0,672.0,672.0,672.0
1773254164,2,672,666.5,661,7.7781745930520225,666.5,672.0,672.0,672.0,672.0,672.0
1773254194,2,672,666.5,661,7.7781745930520225,666.5,672.0,672.0,672.0,672.0,672.0
1773254224,2,672,666.5,661,7.7781745930520225,666.5,672.0,672.0,672.0,672.0,672.0
1773254254,2,672,666.5,661,7.7781745930520225,666.5,672.0,672.0,672.0,672.0,672.0
1773254284,2,672,666.5,661,7.7781745930520225,666.5,672.0,672.0,672.0,672.0,672.0
1773254314,2,672,666.5,661,7.7781745930520225,666.5,672.0,672.0,672.0,672.0,672.0
1773254344,2,672,666.5,661,7.7781745930520225,666.5,672.0,672.0,672.0,672.0,672.0
1773254374,2,672,666.5,661,7.7781745930520225,666.5,672.0,672.0,672.0,672.0,672.0
1773254404,2,672,666.5,661,7.7781745930520225,666.5,672.0,672.0,672.0,672.0,672.0
1773254434,2,672,666.5,661,7.7781745930520225,666.5,672.0,672.0,672.0,672.0,672.0
1773254464,2,672,666.5,661,7.7781745930520225,666.5,672.0,672.0,672.0,672.0,672.0
1773254494,2,672,666.5,661,7.7781745930520225,666.5,672.0,672.0,672.0,672.0,672.0
1773254524,2,672,666.5,661,7.7781745930520225,666.5,672.0,672.0,672.0,672.0,672.0
1773254554,2,672,666.5,661,7.7781745930520225,666.5,672.0,672.0,672.0,672.0,672.0
1773254584,2,672,666.5,661,7.7781745930520225,666.5,672.0,672.0,672.0,672.0,672.0
1773254614,2,672,666.5,661,7.7781745930520225,666.5,672.0,672.0,672.0,672.0,672.0
1773254644,2,672,666.5,661,7.7781745930520225,666.5,672.0,672.0,672.0,672.0,672.0
1773254674,2,672,666.5,661,7.7781745930520225,666.5,672.0,672.0,672.0,672.0,672.0
1773254704,2,672,666.5,661,7.7781745930520225,666.5,672.0,672.0,672.0,672.0,672.0
1773254734,2,672,666.5,661,7.7781745930520225,666.5,672.0,672.0,672.0,672.0,672.0
1773254764,2,672,666.5,661,7.7781745930520225,666.5,672.0,672.0,672.0,672.0,672.0
1773254794,2,672,666.5,661,7.7781745930520225,666.5,672.0,672.0,672.0,672.0,672.0
1773254824,2,672,666.5,661,7.7781745930520225,666.5,672.0,672.0,672.0,672.0,672.0
1773254854,2,672,666.5,661,7.7781745930520225,666.5,672.0,672.0,672.0,672.0,672.0
1773254884,2,672,666.5,661,7.7781745930520225,666.5,672.0,672.0,672.0,672.0,672.0
1773254914,2,672,666.5,661,7.7781745930520225,666.5,672.0,672.0,672.0,672.0,672.0
1773254944,2,672,666.5,661,7.7781745930520225,666.5,672.0,672.0,672.0,672.0,672.0
1773254974,2,672,666.5,661,7.7781745930520225,666.5,672.0,672.0,672.0,672.0,672.0
1773255004,2,672,666.5,661,7.7781745930520225,666.5,672.0,672.0,672.0,672.0,672.0
1773255034,2,672,666.5,661,7.7781745930520225,666.5,672.0,672.0,672.0,672.0,672.0
1773255064,2,672,666.5,661,7.7781745930520225,666.5,672.0,672.0,672.0,672.0,672.0
1773255094,2,672,666.5,661,7.7781745930520225,666.5,672.0,672.0,672.0,672.0,672.0
1773255124,2,672,666.5,661,7.7781745930520225,666.5,672.0,672.0,672.0,672.0,672.0
1773255154,2,672,666.5,661,7.7781745930520225,666.5,672.0,672.0,672.0,672.0,672.0
1773255184,2,672,666.5,661,7.7781745930520225,666.5,672.0,672.0,672.0,672.0,672.0
1773255214,2,672,666.5,661,7.7781745930520225,666.5,672.0,672.0,672.0,672.0,672.0
1773255244,2,672,666.5,661,7.7781745930520225,666.5,672.0,672.0,672.0,672.0,672.0
1773255274,2,672,666.5,661,7.7781745930520225,666.5,672.0,672.0,672.0,672.0,672.0
1773255304,2,672,666.5,661,7.7781745930520225,666.5,672.0,672.0,672.0,672.0,672.0
1773255334,2,672,666.5,661,7.7781745930520225,666.5,672.0,672.0,672.0,672.0,672.0
1773255364,2,672,666.5,661,7.7781745930520225,666.5,672.0,672.0,672.0,672.0,672.0
1773255394,2,672,666.5,661,7.7781745930520225,666.5,672.0,672.0,672.0,672.0,672.0
1773255424,2,672,666.5,661,7.7781745930520225,666.5,672.0,672.0,672.0,672.0,672.0
1773255454,2,672,666.5,661,7.7781745930520225,666.5,672.0,672.0,672.0,672.0,672.0
1773255484,2,672,666.5,661,7.7781745930520225,666.5,672.0,672.0,672.0,672.0,672.0
1773255514,2,672,666.5,661,7.7781745930520225,666.5,672.0,672.0,672.0,672.0,672.0
1773255544,2,672,666.5,661,7.7781745930520225,666.5,672.0,672.0,672.0,672.0,672.0
1773255574,2,672,666.5,661,7.7781745930520225,666.5,672.0,672.0,672.0,672.0,672.0
1773255604,2,672,666.5,661,7.7781745930520225,666.5,672.0,672.0,672.0,672.0,672.0
1773255634,2,672,666.5,661,7.7781745930520225,666.5,672.0,672.0,672.0,672.0,672.0
1773255664,2,672,666.5,661,7.7781745930520225,666.5,672.0,672.0,672.0,672.0,672.0
1773255694,2,672,666.5,661,7.7781745930520225,666.5,672.0,672.0,672.0,672.0,672.0
1773255724,2,672,666.5,661,7.7781745930520225,666.5,672.0,672.0,672.0,672.0,672.0
1773255754,2,672,666.5,661,7.7781745930520225,666.5,672.0,672.0,672.0,672.0,672.0
1773255784,2,672,666.5,661,7.7781745930520225,666.5,672.0,672.0,672.0,672.0,672.0
1773255814,2,672,666.5,661,7.7781745930520225,666.5,672.0,672.0,672.0,672.0,672.0
1773255844,2,672,666.5,661,7.7781745930520225,666.5,672.0,672.0,672.0,672.0,672.0
1773256674,2,672,666.5,661,7.7781745930520225,666.5,672.0,672.0,672.0,672.0,672.0
1773256704,2,672,666.5,661,7.7781745930520225,666.5,672.0,672.0,672.0,672.0,672.0
1773256734,2,672,666.5,661,7.7781745930520225,666.5,672.0,672.0,672.0,672.0,672.0
1773256764,2,672,666.5,661,7.7781745930520225,666.5,672.0,672.0,672.0,672.0,672.0
1773256795,2,672,666.5,661,7.7781745930520225,666.5,672.0,672.0,672.0,672.0,672.0
1773256825,2,672,666.5,661,7.7781745930520225,666.5,672.0,672.0,672.0,672.0,672.0
1773256855,2,672,666.5,661,7.7781745930520225,666.5,672.0,672.0,672.0,672.0,672.0
1773256885,2,672,666.5,661,7.7781745930520225,666.5,672.0,672.0,672.0,672.0,672.0
1773256915,2,672,666.5,661,7.7781745930520225,666.5,672.0,672.0,672.0,672.0,672.0
1773256945,2,672,666.5,661,7.7781745930520225,666.5,672.0,672.0,672.0,672.0,672.0
1773256975,2,672,666.5,661,7.7781745930520225,666.5,672.0,672.0,672.0,672.0,672.0
1773257005,2,672,666.5,661,7.7781745930520225,666.5,672.0,672.0,672.0,672.0,672.0
1773257035,2,672,666.5,661,7.7781745930520225,666.5,672.0,672.0,672.0,672.0,672.0
1773257065,2,672,666.5,661,7.7781745930520225,666.5,672.0,672.0,672.0,672.0,672.0
1773257095,2,672,666.5,661,7.7781745930520225,666.5,672.0,672.0,672.0,672.0,672.0
1773257125,2,672,666.5,661,7.7781745930520225,666.5,672.0,672.0,672.0,672.0,672.0
1773257155,2,672,666.5,661,7.7781745930520225,666.5,672.0,672.0,672.0,672.0,672.0
1773257185,2,672,666.5,661,7.7781745930520225,666.5,672.0,672.0,672.0,672.0,672.0
1773257215,2,672,666.5,661,7.7781745930520225,666.5,672.0,672.0,672.0,672.0,672.0
1773257245,2,672,666.5,661,7.7781745930520225,666.5,672.0,672.0,672.0,672.0,672.0
1773257275,2,672,666.5,661,7.7781745930520225,666.5,672.0,672.0,672.0,672.0,672.0
1773257305,2,672,666.5,661,7.7781745930520225,666.5,672.0,672.0,672.0,672.0,672.0
1773257335,2,672,666.5,661,7.7781745930520225,666.5,672.0,672.0,672.0,672.0,672.0
1773257365,2,672,666.5,661,7.7781745930520225,666.5,672.0,672.0,672.0,672.0,672.0
1773257395,2,672,666.5,661,7.7781745930520225,666.5,672.0,672.0,672.0,672.0,672.0
1773257425,2,672,666.5,661,7.7781745930520225,666.5,672.0,672.0,672.0,672.0,672.0
1773257455,2,672,666.5,661,7.7781745930520225,666.5,672.0,672.0,672.0,672.0,672.0
1773257485,2,672,666.5,661,7.7781745930520225,666.5,672.0,672.0,672.0,672.0,672.0
1773257515,2,672,666.5,661,7.7781745930520225,666.5,672.0,672.0,672.0,672.0,672.0
1773257545,2,672,666.5,661,7.7781745930520225,666.5,672.0,672.0,672.0,672.0,672.0
1773257575,2,672,666.5,661,7.7781745930520225,666.5,672.0,672.0,672.0,672.0,672.0
1773257605,2,672,666.5,661,7.7781745930520225,666.5,672.0,672.0,672.0,672.0,672.0
1773257635,2,672,666.5,661,7.7781745930520225,666.5,672.0,672.0,672.0,672.0,672.0
1773257665,2,672,666.5,661,7.7781745930520225,666.5,672.0,672.0,672.0,672.0,672.0
1773257695,2,672,666.5,661,7.7781745930520225,666.5,672.0,672.0,672.0,672.0,672.0
1773257725,2,672,666.5,661,7.7781745930520225,666.5,672.0,672.0,672.0,672.0,672.0
1773257755,2,672,666.5,661,7.7781745930520225,666.5,672.0,672.0,672.0,672.0,672.0
1773257785,2,672,666.5,661,7.7781745930520225,666.5,672.0,672.0,672.0,672.0,672.0
1773257815,2,672,666.5,661,7.7781745930520225,666.5,672.0,672.0,672.0,672.0,672.0
1773257845,2,672,666.5,661,7.7781745930520225,666.5,672.0,672.0,672.0,672.0,672.0
1773257875,2,672,666.5,661,7.7781745930520225,666.5,672.0,672.0,672.0,672.0,672.0
1773257905,2,672,666.5,661,7.7781745930520225,666.5,672.0,672.0,672.0,672.0,672.0
1773257935,2,672,666.5,661,7.7781745930520225,666.5,672.0,672.0,672.0,672.0,672.0
1773257965,2,672,666.5,661,7.7781745930520225,666.5,672.0,672.0,672.0,672.0,672.0
1773257995,2,672,666.5,661,7.7781745930520225,666.5,672.0,672.0,672.0,672.0,672.0
1773258025,2,672,666.5,661,7.7781745930520225,666.5,672.0,672.0,672.0,672.0,672.0
1773258055,2,672,666.5,661,7.7781745930520225,666.5,672.0,672.0,672.0,672.0,672.0
1773258085,2,672,666.5,661,7.7781745930520225,666.5,672.0,672.0,672.0,672.0,672.0
1773258115,2,672,666.5,661,7.7781745930520225,666.5,672.0,672.0,672.0,672.0,672.0
1773258145,2,672,666.5,661,7.7781745930520225,666.5,672.0,672.0,672.0,672.0,672.0
1773258175,2,672,666.5,661,7.7781745930520225,666.5,672.0,672.0,672.0,672.0,672.0
1773258205,2,672,666.5,661,7.7781745930520225,666.5,672.0,672.0,672.0,672.0,672.0
1773258235,2,672,666.5,661,7.7781745930520225,666.5,672.0,672.0,672.0,672.0,672.0
1773258265,2,672,666.5,661,7.7781745930520225,666.5,672.0,672.0,672.0,672.0,672.0
1773258295,2,672,666.5,661,7.7781745930520225,666.5,672.0,672.0,672.0,672.0,672.0
1773258556,2,672,666.5,661,7.7781745930520225,666.5,672.0,672.0,672.0,672.0,672.0
1773258586,2,672,666.5,661,7.7781745930520225,666.5,672.0,672.0,672.0,672.0,672.0
1773258616,2,672,666.5,661,7.7781745930520225,666.5,672.0,672.0,672.0,672.0,672.0
1773258646,2,672,666.5,661,7.7781745930520225,666.5,672.0,672.0,672.0,672.0,672.0
1773258676,2,672,666.5,661,7.7781745930520225,666.5,672.0,672.0,672.0,672.0,672.0
1773258706,2,672,666.5,661,7.7781745930520225,666.5,672.0,672.0,672.0,672.0,672.0
1773258736,2,672,666.5,661,7.7781745930520225,666.5,672.0,672.0,672.0,672.0,672.0
1773258766,2,672,666.5,661,7.7781745930520225,666.5,672.0,672.0,672.0,672.0,672.0
1773258796,2,672,666.5,661,7.7781745930520225,666.5,672.0,672.0,672.0,672.0,672.0
1773258826,2,672,666.5,661,7.7781745930520225,666.5,672.0,672.0,672.0,672.0,672.0
1773258856,2,672,666.5,661,7.7781745930520225,666.5,672.0,672.0,672.0,672.0,672.0
1773258886,2,672,666.5,661,7.7781745930520225,666.5,672.0,672.0,672.0,672.0,672.0
1773258916,2,672,666.5,661,7.7781745930520225,666.5,672.0,672.0,672.0,672.0,672.0
1773258946,2,672,666.5,661,7.7781745930520225,666.5,672.0,672.0,672.0,672.0,672.0
1773258976,2,672,666.5,661,7.7781745930520225,666.5,672.0,672.0,672.0,672.0,672.0
1773259006,2,672,666.5,661,7.7781745930520225,666.5,672.0,672.0,672.0,672.0,672.0
1773259036,2,672,666.5,661,7.7781745930520225,666.5,672.0,672.0,672.0,672.0,672.0
1773259066,2,672,666.5,661,7.7781745930520225,666.5,672.0,672.0,672.0,672.0,672.0
1773259096,2,672,666.5,661,7.7781745930520225,666.5,672.0,672.0,672.0,672.0,672.0
1773259126,2,672,666.5,661,7.7781745930520225,666.5,672.0,672.0,672.0,672.0,672.0
1773259156,2,672,666.5,661,7.7781745930520225,666.5,672.0,672.0,672.0,672.0,672.0
1773259186,2,672,666.5,661,7.7781745930520225,666.5,672.0,672.0,672.0,672.0,672.0
1773259216,2,672,666.5,661,7.7781745930520225,666.5,672.0,672.0,672.0,672.0,672.0
1773259246,2,672,666.5,661,7.7781745930520225,666.5,672.0,672.0,672.0,672.0,672.0
1773259276,2,672,666.5,661,7.7781745930520225,666.5,672.0,672.0,672.0,672.0,672.0
1773259306,2,672,666.5,661,7.7781745930520225,666.5,672.0,672.0,672.0,672.0,672.0
1773259336,2,672,666.5,661,7.7781745930520225,666.5,672.0,672.0,672.0,672.0,672.0
1773259366,2,672,666.5,661,7.7781745930520225,666.5,672.0,672.0,672.0,672.0,672.0
1773259396,2,672,666.5,661,7.7781745930520225,666.5,672.0,672.0,672.0,672.0,672.0
1773259426,2,672,666.5,661,7.7781745930520225,666.5,672.0,672.0,672.0,672.0,672.0
1773259456,2,672,666.5,661,7.7781745930520225,666.5,672.0,672.0,672.0,672.0,672.0
1773259486,2,672,666.5,661,7.7781745930520225,666.5,672.0,672.0,672.0,672.0,672.0
1773259516,2,672,666.5,661,7.7781745930520225,666.5,672.0,672.0,672.0,672.0,672.0
1773259546,2,672,666.5,661,7.7781745930520225,666.5,672.0,672.0,672.0,672.0,672.0
1773259576,2,672,666.5,661,7.7781745930520225,666.5,672.0,672.0,672.0,672.0,672.0
1773259606,2,672,666.5,661,7.7781745930520225,666.5,672.0,672.0,672.0,672.0,672.0
1773259636,2,672,666.5,661,7.7781745930520225,666.5,672.0,672.0,672.0,672.0,672.0
1773259666,2,672,666.5,661,7.7781745930520225,666.5,672.0,672.0,672.0,672.0,672.0
1773259696,2,672,666.5,661,7.7781745930520225,666.5,672.0,672.0,672.0,672.0,672.0
1773259726,2,672,666.5,661,7.7781745930520225,666.5,672.0,672.0,672.0,672.0,672.0
1773259756,2,672,666.5,661,7.7781745930520225,666.5,672.0,672.0,672.0,672.0,672.0
1773259786,2,672,666.5,661,7.7781745930520225,666.5,672.0,672.0,672.0,672.0,672.0
1773259816,2,672,666.5,661,7.7781745930520225,666.5,672.0,672.0,672.0,672.0,672.0
1773259846,2,672,666.5,661,7.7781745930520225,666.5,672.0,672.0,672.0,672.0,672.0
1773259877,2,672,666.5,661,7.7781745930520225,666.5,672.0,672.0,672.0,672.0,672.0
1773259907,2,672,666.5,661,7.7781745930520225,666.5,672.0,672.0,672.0,672.0,672.0
1773259937,2,672,666.5,661,7.7781745930520225,666.5,672.0,672.0,672.0,672.0,672.0
1773259967,2,672,666.5,661,7.7781745930520225,666.5,672.0,672.0,672.0,672.0,672.0
1773259997,2,672,666.5,661,7.7781745930520225,666.5,672.0,672.0,672.0,672.0,672.0
1773260027,2,672,666.5,661,7.7781745930520225,666.5,672.0,672.0,672.0,672.0,672.0
1773260057,2,672,666.5,661,7.7781745930520225,666.5,672.0,672.0,672.0,672.0,672.0
1773260087,2,672,666.5,661,7.7781745930520225,666.5,672.0,672.0,672.0,672.0,672.0
1773260117,2,672,666.5,661,7.7781745930520225,666.5,672.0,672.0,672.0,672.0,672.0
1773260147,2,672,666.5,661,7.7781745930520225,666.5,672.0,672.0,672.0,672.0,672.0
1773260177,2,672,666.5,661,7.7781745930520225,666.5,672.0,672.0,672.0,672.0,672.0
1773260207,2,672,666.5,661,7.7781745930520225,666.5,672.0,672.0,672.0,672.0,672.0
1773260237,2,672,666.5,661,7.7781745930520225,666.5,672.0,672.0,672.0,672.0,672.0
1773260267,2,672,666.5,661,7.7781745930520225,666.5,672.0,672.0,672.0,672.0,672.0
1773260297,2,672,666.5,661,7.7781745930520225,666.5,672.0,672.0,672.0,672.0,672.0
1773260327,2,672,666.5,661,7.7781745930520225,666.5,672.0,672.0,672.0,672.0,672.0
1773260357,2,672,666.5,661,7.7781745930520225,666.5,672.0,672.0,672.0,672.0,672.0
1773260387,2,672,666.5,661,7.7781745930520225,666.5,672.0,672.0,672.0,672.0,672.0
1773260417,2,672,666.5,661,7.7781745930520225,666.5,672.0,672.0,672.0,672.0,672.0
1773260447,2,672,666.5,661,7.7781745930520225,666.5,672.0,672.0,672.0,672.0,672.0
1773260477,2,672,666.5,661,7.7781745930520225,666.5,672.0,672.0,672.0,672.0,672.0
1773260507,2,672,666.5,661,7.7781745930520225,666.5,672.0,672.0,672.0,672.0,672.0
1773260537,2,672,666.5,661,7.7781745930520225,666.5,672.0,672.0,672.0,672.0,672.0
1773260567,2,672,666.5,661,7.7781745930520225,666.5,672.0,672.0,672.0,672.0,672.0
1773260597,2,672,666.5,661,7.7781745930520225,666.5,672.0,672.0,672.0,672.0,672.0
1773260627,2,672,666.5,661,7.7781745930520225,666.5,672.0,672.0,672.0,672.0,672.0
1773260657,2,672,666.5,661,7.7781745930520225,666.5,672.0,672.0,672.0,672.0,672.0
1773260687,2,672,666.5,661,7.7781745930520225,666.5,672.0,672.0,672.0,672.0,672.0
1773260717,2,672,666.5,661,7.7781745930520225,666.5,672.0,672.0,672.0,672.0,672.0
1773260747,2,672,666.5,661,7.7781745930520225,666.5,672.0,672.0,672.0,672.0,672.0
1773260777,2,672,666.5,661,7.7781745930520225,666.5,672.0,672.0,672.0,672.0,672.0
1773260807,2,672,666.5,661,7.7781745930520225,666.5,672.0,672.0,672.0,672.0,672.0
1773260837,2,672,666.5,661,7.7781745930520225,666.5,672.0,672.0,672.0,672.0,672.0
1773260867,2,672,666.5,661,7.7781745930520225,666.5,672.0,672.0,672.0,672.0,672.0
1773260897,2,672,666.5,661,7.7781745930520225,666.5,672.0,672.0,672.0,672.0,672.0
1773260927,2,672,666.5,661,7.7781745930520225,666.5,672.0,672.0,672.0,672.0,672.0
1773260957,2,672,666.5,661,7.7781745930520225,666.5,672.0,672.0,672.0,672.0,672.0
1773260987,2,672,666.5,661,7.7781745930520225,666.5,672.0,672.0,672.0,672.0,672.0
1773261017,2,672,666.5,661,7.7781745930520225,666.5,672.0,672.0,672.0,672.0,672.0
1773261047,2,672,666.5,661,7.7781745930520225,666.5,672.0,672.0,672.0,672.0,672.0
1773261077,2,672,666.5,661,7.7781745930520225,666.5,672.0,672.0,672.0,672.0,672.0
1773261107,2,672,666.5,661,7.7781745930520225,666.5,672.0,672.0,672.0,672.0,672.0
1773261137,2,672,666.5,661,7.7781745930520225,666.5,672.0,672.0,672.0,672.0,672.0
1773261167,2,672,666.5,661,7.7781745930520225,666.5,672.0,672.0,672.0,672.0,672.0
1773261197,2,672,666.5,661,7.7781745930520225,666.5,672.0,672.0,672.0,672.0,672.0
1773261227,2,672,666.5,661,7.7781745930520225,666.5,672.0,672.0,672.0,672.0,672.0
1773261257,2,672,666.5,661,7.7781745930520225,666.5,672.0,672.0,672.0,672.0,672.0
1773261287,2,672,666.5,661,7.7781745930520225,666.5,672.0,672.0,672.0,672.0,672.0
1773261317,2,672,666.5,661,7.7781745930520225,666.5,672.0,672.0,672.0,672.0,672.0
1773261347,2,672,666.5,661,7.7781745930520225,666.5,672.0,672.0,672.0,672.0,672.0
1773261377,2,672,666.5,661,7.7781745930520225,666.5,672.0,672.0,672.0,672.0,672.0
1773261407,2,672,666.5,661,7.7781745930520225,666.5,672.0,672.0,672.0,672.0,672.0
1773261437,2,672,666.5,661,7.7781745930520225,666.5,672.0,672.0,672.0,672.0,672.0
1773261467,2,672,666.5,661,7.7781745930520225,666.5,672.0,672.0,672.0,672.0,672.0
1773261497,2,672,666.5,661,7.7781745930520225,666.5,672.0,672.0,672.0,672.0,672.0
1773261527,2,672,666.5,661,7.7781745930520225,666.5,672.0,672.0,672.0,672.0,672.0
1773261557,2,672,666.5,661,7.7781745930520225,666.5,672.0,672.0,672.0,672.0,672.0
1773261587,2,672,666.5,661,7.7781745930520225,666.5,672.0,672.0,672.0,672.0,672.0
1773261617,2,672,666.5,661,7.7781745930520225,666.5,672.0,672.0,672.0,672.0,672.0
1773261647,2,672,666.5,661,7.7781745930520225,666.5,672.0,672.0,672.0,672.0,672.0
1773261677,2,672,666.5,661,7.7781745930520225,666.5,672.0,672.0,672.0,672.0,672.0
1773261707,2,672,666.5,661,7.7781745930520225,666.5,672.0,672.0,672.0,672.0,672.0
1773261737,2,672,666.5,661,7.7781745930520225,666.5,672.0,672.0,672.0,672.0,672.0
1773261767,2,672,666.5,661,7.7781745930520225,666.5,672.0,672.0,672.0,672.0,672.0
1773261797,2,672,666.5,661,7.7781745930520225,666.5,672.0,672.0,672.0,672.0,672.0
1773261827,2,672,666.5,661,7.7781745930520225,666.5,672.0,672.0,672.0,672.0,672.0
1773261857,2,672,666.5,661,7.7781745930520225,666.5,672.0,672.0,672.0,672.0,672.0
1773261887,2,672,666.5,661,7.7781745930520225,666.5,672.0,672.0,672.0,672.0,672.0
1773261917,2,672,666.5,661,7.7781745930520225,666.5,672.0,672.0,672.0,672.0,672.0
1773261947,2,672,666.5,661,7.7781745930520225,666.5,672.0,672.0,672.0,672.0,672.0
1773261977,2,672,666.5,661,7.7781745930520225,666.5,672.0,672.0,672.0,672.0,672.0
1773262007,2,672,666.5,661,7.7781745930520225,666.5,672.0,672.0,672.0,672.0,672.0
1773262037,2,672,666.5,661,7.7781745930520225,666.5,672.0,672.0,672.0,672.0,672.0
1773262067,2,672,666.5,661,7.7781745930520225,666.5,672.0,672.0,672.0,672.0,672.0
1773262097,2,672,666.5,661,7.7781745930520225,666.5,672.0,672.0,672.0,672.0,672.0
1773262127,2,672,666.5,661,7.7781745930520225,666.5,672.0,672.0,672.0,672.0,672.0
1773262157,2,672,666.5,661,7.7781745930520225,666.5,672.0,672.0,672.0,672.0,672.0
1773262187,2,672,666.5,661,7.7781745930520225,666.5,672.0,672.0,672.0,672.0,672.0
1774428720,0,0,0.0,0,0.0,0.0,0.0,0.0,0.0,0.0,0.0
1774428752,0,0,0.0,0,0.0,0.0,0.0,0.0,0.0,0.0,0.0
1774428782,0,0,0.0,0,0.0,0.0,0.0,0.0,0.0,0.0,0.0
1774428812,0,0,0.0,0,0.0,0.0,0.0,0.0,0.0,0.0,0.0
1774428842,0,0,0.0,0,0.0,0.0,0.0,0.0,0.0,0.0,0.0
1774428872,0,0,0.0,0,0.0,0.0,0.0,0.0,0.0,0.0,0.0
1774428902,0,0,0.0,0,0.0,0.0,0.0,0.0,0.0,0.0,0.0
1774428932,0,0,0.0,0,0.0,0.0,0.0,0.0,0.0,0.0,0.0
1774428962,0,0,0.0,0,0.0,0.0,0.0,0.0,0.0,0.0,0.0
1774428992,0,0,0.0,0,0.0,0.0,0.0,0.0,0.0,0.0,0.0
1774429022,0,0,0.0,0,0.0,0.0,0.0,0.0,0.0,0.0,0.0
1774429052,0,0,0.0,0,0.0,0.0,0.0,0.0,0.0,0.0,0.0
1774429082,0,0,0.0,0,0.0,0.0,0.0,0.0,0.0,0.0,0.0
1774429112,0,0,0.0,0,0.0,0.0,0.0,0.0,0.0,0.0,0.0
1774429142,0,0,0.0,0,0.0,0.0,0.0,0.0,0.0,0.0,0.0
1774429172,0,0,0.0,0,0.0,0.0,0.0,0.0,0.0,0.0,0.0
1774429202,0,0,0.0,0,0.0,0.0,0.0,0.0,0.0,0.0,0.0
1774429232,0,0,0.0,0,0.0,0.0,0.0,0.0,0.0,0.0,0.0
1774430430,0,0,0.0,0,0.0,0.0,0.0,0.0,0.0,0.0,0.0
1774430463,0,0,0.0,0,0.0,0.0,0.0,0.0,0.0,0.0,0.0
1774430493,0,0,0.0,0,0.0,0.0,0.0,0.0,0.0,0.0,0.0
1774430523,0,0,0.0,0,0.0,0.0,0.0,0.0,0.0,0.0,0.0
1774430553,0,0,0.0,0,0.0,0.0,0.0,0.0,0.0,0.0,0.0
1774430583,0,0,0.0,0,0.0,0.0,0.0,0.0,0.0,0.0,0.0
1774430613,0,0,0.0,0,0.0,0.0,0.0,0.0,0.0,0.0,0.0
1774430643,7,552,166.57142857142858,4,261.4395131720128,7.0,545.0,552.0,552.0,552.0,552.0
1774430673,7,552,166.57142857142858,4,261.4395131720128,7.0,545.0,552.0,552.0,552.0,552.0
1774430703,7,552,166.57142857142858,4,261.4395131720128,7.0,545.0,552.0,552.0,552.0,552.0
1774430733,7,552,166.57142857142858,4,261.4395131720128,7.0,545.0,552.0,552.0,552.0,552.0
1774430763,7,552,166.57142857142858,4,261.4395131720128,7.0,545.0,552.0,552.0,552.0,552.0
1774430793,7,552,166.57142857142858,4,261.4395131720128,7.0,545.0,552.0,552.0,552.0,552.0
1774430823,7,552,166.57142857142858,4,261.4395131720128,7.0,545.0,552.0,552.0,552.0,552.0
1774430853,7,552,166.57142857142858,4,261.4395131720128,7.0,545.0,552.0,552.0,552.0,552.0
1774430883,7,552,166.57142857142858,4,261.4395131720128,7.0,545.0,552.0,552.0,552.0,552.0
1774430913,7,552,166.57142857142858,4,261.4395131720128,7.0,545.0,552.0,552.0,552.0,552.0
1774430943,7,552,166.57142857142858,4,261.4395131720128,7.0,545.0,552.0,552.0,552.0,552.0
1774431030,2,632,630.0,628,2.8284271247461903,630.0,632.0,632.0,632.0,632.0,632.0
1774431063,2,632,630.0,628,2.8284271247461903,630.0,632.0,632.0,632.0,632.0,632.0
1774431093,2,632,630.0,628,2.8284271247461903,630.0,632.0,632.0,632.0,632.0,632.0
1774431123,2,632,630.0,628,2.8284271247461903,630.0,632.0,632.0,632.0,632.0,632.0
1774431153,2,632,630.0,628,2.8284271247461903,630.0,632.0,632.0,632.0,632.0,632.0
1774431183,2,632,630.0,628,2.8284271247461903,630.0,632.0,632.0,632.0,632.0,632.0
1774431213,2,632,630.0,628,2.8284271247461903,630.0,632.0,632.0,632.0,632.0,632.0
1774431243,2,632,630.0,628,2.8284271247461903,630.0,632.0,632.0,632.0,632.0,632.0
1774431273,2,632,630.0,628,2.8284271247461903,630.0,632.0,632.0,632.0,632.0,632.0
1774431303,2,632,630.0,628,2.8284271247461903,630.0,632.0,632.0,632.0,632.0,632.0
1774431333,2,632,630.0,628,2.8284271247461903,630.0,632.0,632.0,632.0,632.0,632.0
1774431363,2,632,630.0,628,2.8284271247461903,630.0,632.0,632.0,632.0,632.0,632.0
1774431393,2,632,630.0,628,2.8284271247461903,630.0,632.0,632.0,632.0,632.0,632.0
1774431423,2,632,630.0,628,2.8284271247461903,630.0,632.0,632.0,632.0,632.0,632.0
1774431453,2,632,630.0,628,2.8284271247461903,630.0,632.0,632.0,632.0,632.0,632.0
1774431483,2,632,630.0,628,2.8284271247461903,630.0,632.0,632.0,632.0,632.0,632.0
1774431513,2,632,630.0,628,2.8284271247461903,630.0,632.0,632.0,632.0,632.0,632.0
1774431543,2,632,630.0,628,2.8284271247461903,630.0,632.0,632.0,632.0,632.0,632.0
1774431573,2,632,630.0,628,2.8284271247461903,630.0,632.0,632.0,632.0,632.0,632.0
1774431603,8,632,166.875,3,286.5247122226732,3.0,486.0,632.0,632.0,632.0,632.0
1774431633,8,632,166.875,3,286.5247122226732,3.0,486.0,632.0,632.0,632.0,632.0
1774431663,8,632,166.875,3,286.5247122226732,3.0,486.0,632.0,632.0,632.0,632.0
1774431693,8,632,166.875,3,286.5247122226732,3.0,486.0,632.0,632.0,632.0,632.0
1774431723,8,632,166.875,3,286.5247122226732,3.0,486.0,632.0,632.0,632.0,632.0
1774431753,8,632,166.875,3,286.5247122226732,3.0,486.0,632.0,632.0,632.0,632.0
1774431783,8,632,166.875,3,286.5247122226732,3.0,486.0,632.0,632.0,632.0,632.0
1774431813,8,632,166.875,3,286.5247122226732,3.0,486.0,632.0,632.0,632.0,632.0
1774431843,8,632,166.875,3,286.5247122226732,3.0,486.0,632.0,632.0,632.0,632.0
1774431873,8,632,166.875,3,286.5247122226732,3.0,486.0,632.0,632.0,632.0,632.0
1774431903,8,632,166.875,3,286.5247122226732,3.0,486.0,632.0,632.0,632.0,632.0
1774431933,8,632,166.875,3,286.5247122226732,3.0,486.0,632.0,632.0,632.0,632.0
1774431963,8,632,166.875,3,286.5247122226732,3.0,486.0,632.0,632.0,632.0,632.0
1774431993,8,632,166.875,3,286.5247122226732,3.0,486.0,632.0,632.0,632.0,632.0
1774432023,8,632,166.875,3,286.5247122226732,3.0,486.0,632.0,632.0,632.0,632.0
1774432053,8,632,166.875,3,286.5247122226732,3.0,486.0,632.0,632.0,632.0,632.0
1774432083,8,632,166.875,3,286.5247122226732,3.0,486.0,632.0,632.0,632.0,632.0
1774432113,8,632,166.875,3,286.5247122226732,3.0,486.0,632.0,632.0,632.0,632.0
1774432143,8,632,166.875,3,286.5247122226732,3.0,486.0,632.0,632.0,632.0,632.0
1774432173,8,632,166.875,3,286.5247122226732,3.0,486.0,632.0,632.0,632.0,632.0
1774432203,8,632,166.875,3,286.5247122226732,3.0,486.0,632.0,632.0,632.0,632.0
1774432233,8,632,166.875,3,286.5247122226732,3.0,486.0,632.0,632.0,632.0,632.0
1774432263,8,632,166.875,3,286.5247122226732,3.0,486.0,632.0,632.0,632.0,632.0
1774432293,8,632,166.875,3,286.5247122226732,3.0,486.0,632.0,632.0,632.0,632.0
1774432323,8,632,166.875,3,286.5247122226732,3.0,486.0,632.0,632.0,632.0,632.0
1774432353,8,632,166.875,3,286.5247122226732,3.0,486.0,632.0,632.0,632.0,632.0
1774432384,8,632,166.875,3,286.5247122226732,3.0,486.0,632.0,632.0,632.0,632.0
1774432414,8,632,166.875,3,286.5247122226732,3.0,486.0,632.0,632.0,632.0,632.0
1774432444,8,632,166.875,3,286.5247122226732,3.0,486.0,632.0,632.0,632.0,632.0
1774432474,8,632,166.875,3,286.5247122226732,3.0,486.0,632.0,632.0,632.0,632.0
1774432504,8,632,166.875,3,286.5247122226732,3.0,486.0,632.0,632.0,632.0,632.0
1774432534,8,632,166.875,3,286.5247122226732,3.0,486.0,632.0,632.0,632.0,632.0
1774432564,9,632,148.66666666666666,3,273.5292488930571,3.0,344.0,632.0,632.0,632.0,632.0
1774432594,9,632,148.66666666666666,3,273.5292488930571,3.0,344.0,632.0,632.0,632.0,632.0
1774432624,9,632,148.66666666666666,3,273.5292488930571,3.0,344.0,632.0,632.0,632.0,632.0
1774432654,9,632,148.66666666666666,3,273.5292488930571,3.0,344.0,632.0,632.0,632.0,632.0
1774432684,9,632,148.66666666666666,3,273.5292488930571,3.0,344.0,632.0,632.0,632.0,632.0
1774432714,9,632,148.66666666666666,3,273.5292488930571,3.0,344.0,632.0,632.0,632.0,632.0
1774432744,9,632,148.66666666666666,3,273.5292488930571,3.0,344.0,632.0,632.0,632.0,632.0
1774432774,9,632,148.66666666666666,3,273.5292488930571,3.0,344.0,632.0,632.0,632.0,632.0
1774432804,9,632,148.66666666666666,3,273.5292488930571,3.0,344.0,632.0,632.0,632.0,632.0
1774432834,9,632,148.66666666666666,3,273.5292488930571,3.0,344.0,632.0,632.0,632.0,632.0
1774432864,9,632,148.66666666666666,3,273.5292488930571,3.0,344.0,632.0,632.0,632.0,632.0
1774432894,9,632,148.66666666666666,3,273.5292488930571,3.0,344.0,632.0,632.0,632.0,632.0
1774432924,9,632,148.66666666666666,3,273.5292488930571,3.0,344.0,632.0,632.0,632.0,632.0
1774432954,9,632,148.66666666666666,3,273.5292488930571,3.0,344.0,632.0,632.0,632.0,632.0
1774432984,9,632,148.66666666666666,3,273.5292488930571,3.0,344.0,632.0,632.0,632.0,632.0
1774433014,9,632,148.66666666666666,3,273.5292488930571,3.0,344.0,632.0,632.0,632.0,632.0
1774433044,9,632,148.66666666666666,3,273.5292488930571,3.0,344.0,632.0,632.0,632.0,632.0
1774433074,9,632,148.66666666666666,3,273.5292488930571,3.0,344.0,632.0,632.0,632.0,632.0
1774433104,9,632,148.66666666666666,3,273.5292488930571,3.0,344.0,632.0,632.0,632.0,632.0
1774433134,9,632,148.66666666666666,3,273.5292488930571,3.0,344.0,632.0,632.0,632.0,632.0
1774433164,9,632,148.66666666666666,3,273.5292488930571,3.0,344.0,632.0,632.0,632.0,632.0
1774433194,9,632,148.66666666666666,3,273.5292488930571,3.0,344.0,632.0,632.0,632.0,632.0
1774433224,9,632,148.66666666666666,3,273.5292488930571,3.0,344.0,632.0,632.0,632.0,632.0
1774433254,9,632,148.66666666666666,3,273.5292488930571,3.0,344.0,632.0,632.0,632.0,632.0
1774433284,9,632,148.66666666666666,3,273.5292488930571,3.0,344.0,632.0,632.0,632.0,632.0
1774433314,9,632,148.66666666666666,3,273.5292488930571,3.0,344.0,632.0,632.0,632.0,632.0
1774433344,9,632,148.66666666666666,3,273.5292488930571,3.0,344.0,632.0,632.0,632.0,632.0
1774433374,9,632,148.66666666666666,3,273.5292488930571,3.0,344.0,632.0,632.0,632.0,632.0
1774433404,9,632,148.66666666666666,3,273.5292488930571,3.0,344.0,632.0,632.0,632.0,632.0
1774433434,9,632,148.66666666666666,3,273.5292488930571,3.0,344.0,632.0,632.0,632.0,632.0
1774433464,9,632,148.66666666666666,3,273.5292488930571,3.0,344.0,632.0,632.0,632.0,632.0
1774433494,9,632,148.66666666666666,3,273.5292488930571,3.0,344.0,632.0,632.0,632.0,632.0
1774433524,9,632,148.66666666666666,3,273.5292488930571,3.0,344.0,632.0,632.0,632.0,632.0
1774433554,9,632,148.66666666666666,3,273.5292488930571,3.0,344.0,632.0,632.0,632.0,632.0
1774433584,9,632,148.66666666666666,3,273.5292488930571,3.0,344.0,632.0,632.0,632.0,632.0
1774433614,9,632,148.66666666666666,3,273.5292488930571,3.0,344.0,632.0,632.0,632.0,632.0
1774433644,9,632,148.66666666666666,3,273.5292488930571,3.0,344.0,632.0,632.0,632.0,632.0
1774433674,9,632,148.66666666666666,3,273.5292488930571,3.0,344.0,632.0,632.0,632.0,632.0
1774433704,9,632,148.66666666666666,3,273.5292488930571,3.0,344.0,632.0,632.0,632.0,632.0
1774433734,9,632,148.66666666666666,3,273.5292488930571,3.0,344.0,632.0,632.0,632.0,632.0
1774433764,9,632,148.66666666666666,3,273.5292488930571,3.0,344.0,632.0,632.0,632.0,632.0
1774433794,9,632,148.66666666666666,3,273.5292488930571,3.0,344.0,632.0,632.0,632.0,632.0
1774433824,9,632,148.66666666666666,3,273.5292488930571,3.0,344.0,632.0,632.0,632.0,632.0
1774433854,9,632,148.66666666666666,3,273.5292488930571,3.0,344.0,632.0,632.0,632.0,632.0
1774433884,9,632,148.66666666666666,3,273.5292488930571,3.0,344.0,632.0,632.0,632.0,632.0
1774433914,9,632,148.66666666666666,3,273.5292488930571,3.0,344.0,632.0,632.0,632.0,632.0
1774433944,9,632,148.66666666666666,3,273.5292488930571,3.0,344.0,632.0,632.0,632.0,632.0
1774433974,9,632,148.66666666666666,3,273.5292488930571,3.0,344.0,632.0,632.0,632.0,632.0
1774434004,9,632,148.66666666666666,3,273.5292488930571,3.0,344.0,632.0,632.0,632.0,632.0
1774434034,9,632,148.66666666666666,3,273.5292488930571,3.0,344.0,632.0,632.0,632.0,632.0
1774434064,10,632,134.1,3,261.9675340359734,3.0,202.0,632.0,632.0,632.0,632.0
1774434094,10,632,134.1,3,261.9675340359734,3.0,202.0,632.0,632.0,632.0,632.0
1774434124,10,632,134.1,3,261.9675340359734,3.0,202.0,632.0,632.0,632.0,632.0
1774434154,10,632,134.1,3,261.9675340359734,3.0,202.0,632.0,632.0,632.0,632.0
1774434184,10,632,134.1,3,261.9675340359734,3.0,202.0,632.0,632.0,632.0,632.0
1774434214,10,632,134.1,3,261.9675340359734,3.0,202.0,632.0,632.0,632.0,632.0
1774434244,10,632,134.1,3,261.9675340359734,3.0,202.0,632.0,632.0,632.0,632.0
1774434274,10,632,134.1,3,261.9675340359734,3.0,202.0,632.0,632.0,632.0,632.0
1774434304,10,632,134.1,3,261.9675340359734,3.0,202.0,632.0,632.0,632.0,632.0
1774434334,10,632,134.1,3,261.9675340359734,3.0,202.0,632.0,632.0,632.0,632.0
1774434364,10,632,134.1,3,261.9675340359734,3.0,202.0,632.0,632.0,632.0,632.0
1774434394,10,632,134.1,3,261.9675340359734,3.0,202.0,632.0,632.0,632.0,632.0
1774434424,10,632,134.1,3,261.9675340359734,3.0,202.0,632.0,632.0,632.0,632.0
1774434454,10,632,134.1,3,261.9675340359734,3.0,202.0,632.0,632.0,632.0,632.0
1774434484,10,632,134.1,3,261.9675340359734,3.0,202.0,632.0,632.0,632.0,632.0
1774434514,10,632,134.1,3,261.9675340359734,3.0,202.0,632.0,632.0,632.0,632.0
