t,count,mean_rate,m1_rate,m5_rate,m15_rate,rate_unit
1773145530,11,0.4051516266887535,0.0,0.0,0.0,events/second
1773145560,11,0.19221392182125444,0.0,0.0,0.0,events/second
1773145590,11,0.1260796663163631,0.0,0.0,0.0,events/second
1773145620,11,0.0938104715625043,0.0,0.0,0.0,events/second
1773145650,11,0.07468819314016933,0.0,0.0,0.0,events/second
1773145680,11,0.06203901053138373,0.0,0.0,0.0,events/second
1773145710,11,0.053058329272972334,0.0,0.0,0.0,events/second
1773145740,11,0.04634925416210709,0.0,0.0,0.0,events/second
1773145770,11,0.04114428803218925,0.0,0.0,0.0,events/second
1773145800,11,0.036991413695638055,0.0,0.0,0.0,events/second
1773145830,11,0.0335976070093412,0.0,0.0,0.0,events/second
1773145860,11,0.03077634477943572,0.0,0.0,0.0,events/second
1773145890,11,0.028392522149213662,0.0,0.0,0.0,events/second
1773145920,11,0.026351180748498102,0.0,0.0,0.0,events/second
1773145950,11,0.024583759264282964,0.0,0.0,0.0,events/second
1773145980,11,0.02303865380430856,0.0,0.0,0.0,events/second
1773146100,0,0.0,0.0,0.0,0.0,events/second
1773146131,7,0.11591187231607819,0.0,0.0,0.0,events/second
1773146161,7,0.07743289039341732,0.0,0.0,0.0,events/second
1773146191,20,0.16609791736158055,0.0,0.0,0.0,events/second
1773146221,20,0.13295934449139188,0.0,0.0,0.0,events/second
1773146251,20,0.11084665070859165,0.0,0.0,0.0,events/second
1773146281,20,0.09504002887620205,0.0,0.0,0.0,events/second
1773146311,20,0.08317904981649314,0.0,0.0,0.0,events/second
1773146341,20,0.07394937633567755,0.0,0.0,0.0,events/second
1773146371,20,0.06656343567524693,0.0,0.0,0.0,events/second
1773146401,20,0.0605184847102929,0.0,0.0,0.0,events/second
1773146431,20,0.05548085674648605,0.0,0.0,0.0,events/second
1773146461,20,0.05121721282520997,0.0,0.0,0.0,events/second
1773146491,20,0.04756226771590228,0.0,0.0,0.0,events/second
1773146521,20,0.04439383493003289,0.0,0.0,0.0,events/second
1773146551,20,0.04162128442228628,0.0,0.0,0.0,events/second
1773146581,20,0.039174860608319484,0.0,0.0,0.0,events/second
1773146611,20,0.03699990413879836,0.0,0.0,0.0,events/second
1773146641,20,0.035053775565056566,0.0,0.0,0.0,events/second
1773146671,20,0.03330208380681091,0.0,0.0,0.0,events/second
1773146701,20,0.03171704616684634,0.0,0.0,0.0,events/second
1773146731,20,0.030276271872472515,0.0,0.0,0.0,events/second
1773146761,20,0.028960577641171294,0.0,0.0,0.0,events/second
1773146791,20,0.027754473117658465,0.0,0.0,0.0,events/second
1773146821,20,0.026644930293852807,0.0,0.0,0.0,events/second
1773146851,20,0.02562076891840584,0.0,0.0,0.0,events/second
1773146881,20,0.024672483690415647,0.0,0.0,0.0,events/second
1773146911,20,0.023791824015168647,0.0,0.0,0.0,events/second
1773146941,20,0.022971897337317696,0.0,0.0,0.0,events/second
1773146971,20,0.022206552639624465,0.0,0.0,0.0,events/second
1773147001,20,0.02149052645500827,0.0,0.0,0.0,events/second
1773147031,20,0.020819250296771098,0.0,0.0,0.0,events/second
1773147061,20,0.02018837909168098,0.0,0.0,0.0,events/second
1773147091,20,0.019594901839941288,0.0,0.0,0.0,events/second
1773147121,20,0.019035245996316758,0.0,0.0,0.0,events/second
1773147151,20,0.018506716685899996,0.0,0.0,0.0,events/second
1773147181,20,0.018006781497606116,0.0,0.0,0.0,events/second
1773147211,20,0.017533148680891553,0.0,0.0,0.0,events/second
1773147241,20,0.017083784822424113,0.0,0.0,0.0,events/second
1773147271,20,0.016656876907908923,0.0,0.0,0.0,events/second
1773147301,20,0.0162507578969559,0.0,0.0,0.0,events/second
1773147331,20,0.01586394324484381,0.0,0.0,0.0,events/second
1773147361,20,0.015495066969367602,0.0,0.0,0.0,events/second
1773147392,20,0.01514302332375797,0.0,0.0,0.0,events/second
1773147422,20,0.014806519754962154,0.0,0.0,0.0,events/second
1773147452,20,0.014484737761963604,0.0,0.0,0.0,events/second
1773147482,20,0.014176645510094925,0.0,0.0,0.0,events/second
1773147512,20,0.01388140683759505,0.0,0.0,0.0,events/second
1773147542,20,0.013598061195505736,0.0,0.0,0.0,events/second
1773147572,20,0.01332613291899296,0.0,0.0,0.0,events/second
1773147602,20,0.013064889946309867,0.0,0.0,0.0,events/second
1773147632,20,0.012813720279713428,0.0,0.0,0.0,events/second
1773147662,20,0.012572020751465707,0.0,0.0,0.0,events/second
1773147692,20,0.012339297464361893,0.0,0.0,0.0,events/second
1773147722,20,0.012114991272173414,0.0,0.0,0.0,events/second
1773147752,20,0.011898684599899888,0.0,0.0,0.0,events/second
1773147782,20,0.011689972895781397,0.0,0.0,0.0,events/second
1773147812,20,0.011488476940761884,0.0,0.0,0.0,events/second
1773147842,20,0.011293771823793505,0.0,0.0,0.0,events/second
1773147872,20,0.011105580335905243,0.0,0.0,0.0,events/second
1773147902,20,0.010923568545270386,0.0,0.0,0.0,events/second
1773147932,20,0.010747449386199514,0.0,0.0,0.0,events/second
1773147962,20,0.010576912441939318,0.0,0.0,0.0,events/second
1773147992,20,0.010411691580836421,0.0,0.0,0.0,events/second
1773148022,20,0.010251562616293246,0.0,0.0,0.0,events/second
1773148052,20,0.010096246496107245,0.0,0.0,0.0,events/second
1773148082,20,0.009945577342786435,0.0,0.0,0.0,events/second
1773148112,20,0.009799300735745909,0.0,0.0,0.0,events/second
1773148142,20,0.009657308880589128,0.0,0.0,0.0,events/second
1773148172,20,0.009519327075768521,0.0,0.0,0.0,events/second
1773148202,20,0.00938525192744419,0.0,0.0,0.0,events/second
1773148232,20,0.00925492093152124,0.0,0.0,0.0,events/second
1773148262,20,0.009128135875360065,0.0,0.0,0.0,events/second
1773148292,20,0.009004822064881462,0.0,0.0,0.0,events/second
1773148322,20,0.008884767308120342,0.0,0.0,0.0,events/second
1773148352,20,0.008767844619641339,0.0,0.0,0.0,events/second
1773148382,20,0.008654015653227395,0.0,0.0,0.0,events/second
1773148412,20,0.0085430808984235,0.0,0.0,0.0,events/second
1773148442,20,0.008434969009261715,0.0,0.0,0.0,events/second
1773148472,20,0.00832953186132306,0.0,0.0,0.0,events/second
1773148502,20,0.008226684492508782,0.0,0.0,0.0,events/second
1773148532,20,0.008126388604093449,0.0,0.0,0.0,events/second
1773148562,20,0.008028495868591303,0.0,0.0,0.0,events/second
1773148592,20,0.007932911711215882,0.0,0.0,0.0,events/second
1773148622,20,0.007839577135065747,0.0,0.0,0.0,events/second
1773148652,20,0.007748443080478709,0.0,0.0,0.0,events/second
1773148682,20,0.007659409014322783,0.0,0.0,0.0,events/second
1773148712,20,0.007572370386504459,0.0,0.0,0.0,events/second
1773148742,20,0.007487313747347419,0.0,0.0,0.0,events/second
1773148772,20,0.007404146259414278,0.0,0.0,0.0,events/second
1773148802,20,0.007322793766245166,0.0,0.0,0.0,events/second
1773148832,20,0.007243200034336709,0.0,0.0,0.0,events/second
1773148862,20,0.007165310177393132,0.0,0.0,0.0,events/second
1773148892,20,0.007089078124474897,0.0,0.0,0.0,events/second
1773148922,20,0.007014469741949686,0.0,0.0,0.0,events/second
1773148952,20,0.006941418700519714,0.0,0.0,0.0,events/second
1773148982,20,0.006869857219325323,0.0,0.0,0.0,events/second
1773149012,20,0.006799759433323737,0.0,0.0,0.0,events/second
1773149042,20,0.006731063464322568,0.0,0.0,0.0,events/second
1773149072,20,0.006663767297721897,0.0,0.0,0.0,events/second
1773149102,20,0.0065977746344426744,0.0,0.0,0.0,events/second
1773149132,20,0.006533107816779902,0.0,0.0,0.0,events/second
1773149162,20,0.006469696304408786,0.0,0.0,0.0,events/second
1773149192,20,0.006407493738210666,0.0,0.0,0.0,events/second
1773149222,20,0.006346467233088687,0.0,0.0,0.0,events/second
1773149252,20,0.006286582537698805,0.0,0.0,0.0,events/second
1773149282,20,0.006227816917638942,0.0,0.0,0.0,events/second
1773149312,20,0.006170164536459379,0.0,0.0,0.0,events/second
1773149342,20,0.006113571217722283,0.0,0.0,0.0,events/second
1773149372,20,0.0060579871591628625,0.0,0.0,0.0,events/second
1773149402,20,0.006003405208457926,0.0,0.0,0.0,events/second
1773149432,20,0.005949809050911377,0.0,0.0,0.0,events/second
1773149462,20,0.005897167012711302,0.0,0.0,0.0,events/second
1773149492,20,0.005845435139138895,0.0,0.0,0.0,events/second
1773149522,20,0.00579460218175978,0.0,0.0,0.0,events/second
1773149552,20,0.005744655920430512,0.0,0.0,0.0,events/second
1773149582,20,0.0056955498653389405,0.0,0.0,0.0,events/second
1773149612,20,0.005647279949964508,0.0,0.0,0.0,events/second
1773149642,20,0.005599819578763413,0.0,0.0,0.0,events/second
1773149672,20,0.005553163002424758,0.0,0.0,0.0,events/second
1773149702,20,0.005507269776426664,0.0,0.0,0.0,events/second
1773149732,20,0.0054621205126590255,0.0,0.0,0.0,events/second
1773149762,20,0.005417706805232193,0.0,0.0,0.0,events/second
1773149792,20,0.005374014487867943,0.0,0.0,0.0,events/second
1773149822,20,0.005331033030395512,0.0,0.0,0.0,events/second
1773149852,20,0.005288735346626351,0.0,0.0,0.0,events/second
1773149882,20,0.00524710179927038,0.0,0.0,0.0,events/second
1773149912,20,0.005206115552376112,0.0,0.0,0.0,events/second
1773149942,20,0.005165766263615466,0.0,0.0,0.0,events/second
1773149972,20,0.005126033496469404,0.0,0.0,0.0,events/second
1773150002,20,0.005086910356101258,0.0,0.0,0.0,events/second
1773150032,20,0.005048375418831462,0.0,0.0,0.0,events/second
1773150062,20,0.005010418960550767,0.0,0.0,0.0,events/second
1773150092,20,0.0049730373791402795,0.0,0.0,0.0,events/second
1773150122,20,0.004936208188864006,0.0,0.0,0.0,events/second
1773150152,20,0.004899923052233128,0.0,0.0,0.0,events/second
1773150182,20,0.004864166585368466,0.0,0.0,0.0,events/second
1773150212,20,0.004828923383937586,0.0,0.0,0.0,events/second
1773150242,20,0.0047941839660208645,0.0,0.0,0.0,events/second
1773150272,20,0.004759950759618378,0.0,0.0,0.0,events/second
1773150302,20,0.004726202239225946,0.0,0.0,0.0,events/second
1773150333,20,0.004692915533820771,0.0,0.0,0.0,events/second
1773150363,20,0.004660108121834116,0.0,0.0,0.0,events/second
1773150393,20,0.004627749710755375,0.0,0.0,0.0,events/second
1773150423,20,0.004595830269013809,0.0,0.0,0.0,events/second
1773150453,20,0.004564360584052161,0.0,0.0,0.0,events/second
1773150483,20,0.00453331542966893,0.0,0.0,0.0,events/second
1773150513,20,0.004502690420124677,0.0,0.0,0.0,events/second
1773150543,20,0.004472478133778452,0.0,0.0,0.0,events/second
1773150573,20,0.004442663838106123,0.0,0.0,0.0,events/second
1773150603,20,0.004413250455626421,0.0,0.0,0.0,events/second
1773150633,20,0.004384217593511642,0.0,0.0,0.0,events/second
1773150663,20,0.00435556862755781,0.0,0.0,0.0,events/second
1773150693,20,0.004327288129342159,0.0,0.0,0.0,events/second
1773150723,20,0.004299371517293336,0.0,0.0,0.0,events/second
1773150753,20,0.004271807605539632,0.0,0.0,0.0,events/second
1773150783,20,0.004244602533329691,0.0,0.0,0.0,events/second
1773150813,20,0.00421774204424022,0.0,0.0,0.0,events/second
1773150843,20,0.004191221397823584,0.0,0.0,0.0,events/second
1773150873,20,0.004165033143964922,0.0,0.0,0.0,events/second
1773150903,20,0.004139165359826803,0.0,0.0,0.0,events/second
1773150933,20,0.004113610535691733,0.0,0.0,0.0,events/second
1773150963,20,0.004088374147992704,0.0,0.0,0.0,events/second
1773150993,20,0.004063446688450894,0.0,0.0,0.0,events/second
1773151023,20,0.004038826616127509,0.0,0.0,0.0,events/second
1773151053,20,0.004014501791326782,0.0,0.0,0.0,events/second
1773151083,20,0.003990462643124209,0.0,0.0,0.0,events/second
1773151113,20,0.003966708578258964,0.0,0.0,0.0,events/second
1773151143,20,0.003943240418703222,0.0,0.0,0.0,events/second
1773151173,20,0.003920047798405061,0.0,0.0,0.0,events/second
1773151203,20,0.0038971287892499416,0.0,0.0,0.0,events/second
1773151233,20,0.003874475541185901,0.0,0.0,0.0,events/second
1773151263,20,0.003852080623473181,0.0,0.0,0.0,events/second
1773151293,20,0.0038299408051428803,0.0,0.0,0.0,events/second
1773151323,20,0.003808059534906654,0.0,0.0,0.0,events/second
1773151353,20,0.003786423758669811,0.0,0.0,0.0,events/second
1773151383,20,0.00376503611482223,0.0,0.0,0.0,events/second
1773151413,20,0.0037438901276658607,0.0,0.0,0.0,events/second
1773151443,20,0.003722979545991215,0.0,0.0,0.0,events/second
1773151473,20,0.0037022958622343937,0.0,0.0,0.0,events/second
1773151503,20,0.0036818463135624042,0.0,0.0,0.0,events/second
1773151533,20,0.0036616215257483753,0.0,0.0,0.0,events/second
1773151563,20,0.0036416173930093228,0.0,0.0,0.0,events/second
1773151593,20,0.0036218311990914784,0.0,0.0,0.0,events/second
1773151623,20,0.0036022505612318127,0.0,0.0,0.0,events/second
1773151653,20,0.003582886143293651,0.0,0.0,0.0,events/second
1773151683,20,0.003563725297091867,0.0,0.0,0.0,events/second
1773151713,20,0.0035447733591289733,0.0,0.0,0.0,events/second
1773151743,20,0.003526019467970638,0.0,0.0,0.0,events/second
1773151773,20,0.003507456795607633,0.0,0.0,0.0,events/second
1773151803,20,0.003489094130138491,0.0,0.0,0.0,events/second
1773151833,20,0.00347092512008996,0.0,0.0,0.0,events/second
1773151863,20,0.0034529440163302777,0.0,0.0,0.0,events/second
1773151893,20,0.0034351465664718348,0.0,0.0,0.0,events/second
1773151923,20,0.0034175352221321098,0.0,0.0,0.0,events/second
1773151953,20,0.003400103425192613,0.0,0.0,0.0,events/second
1773151983,20,0.003382840593577234,0.0,0.0,0.0,events/second
1773152013,20,0.003365759403632928,0.0,0.0,0.0,events/second
1773152043,20,0.0033488502028411124,0.0,0.0,0.0,events/second
1773152073,20,0.0033321093541026385,0.0,0.0,0.0,events/second
1773152103,20,0.0033155346496317453,0.0,0.0,0.0,events/second
1773152133,20,0.003299122347076407,0.0,0.0,0.0,events/second
1773152163,20,0.0032828726941062495,0.0,0.0,0.0,events/second
1773152193,20,0.0032667791076017396,0.0,0.0,0.0,events/second
1773152223,20,0.003250846718693736,0.0,0.0,0.0,events/second
1773152253,20,0.0032350698450503883,0.0,0.0,0.0,events/second
1773152283,20,0.0032194402284696426,0.0,0.0,0.0,events/second
1773152313,20,0.003203965416710576,0.0,0.0,0.0,events/second
1773152343,20,0.0031886373209564895,0.0,0.0,0.0,events/second
1773152373,20,0.0031734520548395585,0.0,0.0,0.0,events/second
1773152403,20,0.0031584137085319485,0.0,0.0,0.0,events/second
1773152433,20,0.0031435159120313323,0.0,0.0,0.0,events/second
1773152463,20,0.00312876081214783,0.0,0.0,0.0,events/second
1773152493,20,0.0031141435043485263,0.0,0.0,0.0,events/second
1773152523,20,0.003099662293835764,0.0,0.0,0.0,events/second
1773152553,20,0.0030853126740507894,0.0,0.0,0.0,events/second
1773152583,20,0.0030710914951967185,0.0,0.0,0.0,events/second
1773152613,20,0.003057006465153716,0.0,0.0,0.0,events/second
1773152643,20,0.0030430482246639246,0.0,0.0,0.0,events/second
1773152673,20,0.003029212911445642,0.0,0.0,0.0,events/second
1773152703,20,0.0030155036165387876,0.0,0.0,0.0,events/second
1773152733,20,0.003001919196722076,0.0,0.0,0.0,events/second
1773152763,20,0.002988455783178853,0.0,0.0,0.0,events/second
1773152793,20,0.002975112867111212,0.0,0.0,0.0,events/second
1773152823,20,0.00296189227883486,0.0,0.0,0.0,events/second
1773152853,20,0.0029487859184167222,0.0,0.0,0.0,events/second
1773152883,20,0.002935786669727975,0.0,0.0,0.0,events/second
1773152913,20,0.0029229125097518897,0.0,0.0,0.0,events/second
1773206880,0,0.0,0.0,0.0,0.0,events/second
1773206912,0,0.0,0.0,0.0,0.0,events/second
1773206942,0,0.0,0.0,0.0,0.0,events/second
1773206972,0,0.0,0.0,0.0,0.0,events/second
1773207002,0,0.0,0.0,0.0,0.0,events/second
1773207032,0,0.0,0.0,0.0,0.0,events/second
1773207062,0,0.0,0.0,0.0,0.0,events/second
1773207092,0,0.0,0.0,0.0,0.0,events/second
1773207122,0,0.0,0.0,0.0,0.0,events/second
1773207152,0,0.0,0.0,0.0,0.0,events/second
1773207182,0,0.0,0.0,0.0,0.0,events/second
1773207212,0,0.0,0.0,0.0,0.0,events/second
1773207242,0,0.0,0.0,0.0,0.0,events/second
1773207272,0,0.0,0.0,0.0,0.0,events/second
1773207302,0,0.0,0.0,0.0,0.0,events/second
1773207332,5,0.010402427042182126,0.0,0.0,0.0,events/second
1773207362,5,0.009791187022157113,0.0,0.0,0.0,events/second
1773207392,5,0.009247413791413086,0.0,0.0,0.0,events/second
1773207422,5,0.008761143565716114,0.0,0.0,0.0,events/second
1773207452,5,0.008323461563645515,0.0,0.0,0.0,events/second
1773207482,5,0.007927452927975217,0.0,0.0,0.0,events/second
1773207512,5,0.007567445398565433,0.0,0.0,0.0,events/second
1773207542,5,0.007238601305395751,0.0,0.0,0.0,events/second
1773207572,5,0.006937232706403353,0.0,0.0,0.0,events/second
1773207602,5,0.00665995313908854,0.0,0.0,0.0,events/second
1773207632,5,0.006404011221805225,0.0,0.0,0.0,events/second
1773207662,5,0.006166883849515325,0.0,0.0,0.0,events/second
1773207693,5,0.0059467956390863545,0.0,0.0,0.0,events/second
1773207723,5,0.005741886802057945,0.0,0.0,0.0,events/second
1773207753,5,0.005550630487907739,0.0,0.0,0.0,events/second
1773207783,5,0.005371629346879692,0.0,0.0,0.0,events/second
1773207813,5,0.005203858880921417,0.0,0.0,0.0,events/second
1773207843,5,0.005046207428069936,0.0,0.0,0.0,events/second
1773207873,5,0.004897883163093927,0.0,0.0,0.0,events/second
1773207903,5,0.0047580116833406605,0.0,0.0,0.0,events/second
1773207933,5,0.004625930780779971,0.0,0.0,0.0,events/second
1773207963,5,0.004500982162378321,0.0,0.0,0.0,events/second
1773207993,5,0.004382554118037353,0.0,0.0,0.0,events/second
1773208023,5,0.004270235922159058,0.0,0.0,0.0,events/second
1773208053,7,0.005828960990834368,0.0,0.0,0.0,events/second
1773208083,11,0.008936488963395347,0.0,0.0,0.0,events/second
1773208113,11,0.008723845629953052,0.0,0.0,0.0,events/second
1773208143,11,0.008521024042385483,0.0,0.0,0.0,events/second
1773208173,11,0.008327475637453908,0.0,0.0,0.0,events/second
1773208203,11,0.008142524146528038,0.0,0.0,0.0,events/second
1773211140,0,0.0,0.0,0.0,0.0,events/second
1773211173,0,0.0,0.0,0.0,0.0,events/second
1773211203,0,0.0,0.0,0.0,0.0,events/second
1773211233,0,0.0,0.0,0.0,0.0,events/second
1773211263,0,0.0,0.0,0.0,0.0,events/second
1773211293,0,0.0,0.0,0.0,0.0,events/second
1773211323,0,0.0,0.0,0.0,0.0,events/second
1773211353,0,0.0,0.0,0.0,0.0,events/second
1773211383,0,0.0,0.0,0.0,0.0,events/second
1773211413,0,0.0,0.0,0.0,0.0,events/second
1773211443,0,0.0,0.0,0.0,0.0,events/second
1773211473,0,0.0,0.0,0.0,0.0,events/second
1773211503,0,0.0,0.0,0.0,0.0,events/second
1773211533,0,0.0,0.0,0.0,0.0,events/second
1773211563,0,0.0,0.0,0.0,0.0,events/second
1773211593,0,0.0,0.0,0.0,0.0,events/second
1773211623,0,0.0,0.0,0.0,0.0,events/second
1773211653,0,0.0,0.0,0.0,0.0,events/second
1773211683,0,0.0,0.0,0.0,0.0,events/second
1773211713,0,0.0,0.0,0.0,0.0,events/second
1773211743,0,0.0,0.0,0.0,0.0,events/second
1773211773,0,0.0,0.0,0.0,0.0,events/second
1773211803,0,0.0,0.0,0.0,0.0,events/second
1773211833,0,0.0,0.0,0.0,0.0,events/second
1773211863,0,0.0,0.0,0.0,0.0,events/second
1773211893,0,0.0,0.0,0.0,0.0,events/second
1773211923,0,0.0,0.0,0.0,0.0,events/second
1773211953,0,0.0,0.0,0.0,0.0,events/second
1773211983,0,0.0,0.0,0.0,0.0,events/second
1773212013,3,0.0034111198478279244,0.0,0.0,0.0,events/second
1773212043,3,0.0032985753331748447,0.0,0.0,0.0,events/second
1773212073,3,0.0031931976184792405,0.0,0.0,0.0,events/second
1773212103,3,0.0030943559847707953,0.0,0.0,0.0,events/second
1773212133,3,0.0030014586614864358,0.0,0.0,0.0,events/second
1773212163,3,0.00291394400208364,0.0,0.0,0.0,events/second
1773212193,3,0.0028313922819339973,0.0,0.0,0.0,events/second
1773212223,3,0.0027534152857723562,0.0,0.0,0.0,events/second
1773212253,3,0.002679595754530268,0.0,0.0,0.0,events/second
1773212283,3,0.002609636056311593,0.0,0.0,0.0,events/second
1773212313,3,0.002543226027864215,0.0,0.0,0.0,events/second
1773212343,3,0.0024801289831685672,0.0,0.0,0.0,events/second
1773212373,3,0.0024200843739248697,0.0,0.0,0.0,events/second
1773212403,3,0.002362884160028271,0.0,0.0,0.0,events/second
1773212433,3,0.002308323191775022,0.0,0.0,0.0,events/second
1773212670,0,0.0,0.0,0.0,0.0,events/second
1773212820,0,0.0,0.0,0.0,0.0,events/second
1773212851,0,0.0,0.0,0.0,0.0,events/second
1773212881,0,0.0,0.0,0.0,0.0,events/second
1773212911,0,0.0,0.0,0.0,0.0,events/second
1773212941,0,0.0,0.0,0.0,0.0,events/second
1773212971,0,0.0,0.0,0.0,0.0,events/second
1773213001,0,0.0,0.0,0.0,0.0,events/second
1773213031,0,0.0,0.0,0.0,0.0,events/second
1773213061,0,0.0,0.0,0.0,0.0,events/second
1773213091,0,0.0,0.0,0.0,0.0,events/second
1773213121,0,0.0,0.0,0.0,0.0,events/second
1773213151,0,0.0,0.0,0.0,0.0,events/second
1773213181,0,0.0,0.0,0.0,0.0,events/second
1773213211,0,0.0,0.0,0.0,0.0,events/second
1773213241,0,0.0,0.0,0.0,0.0,events/second
1773213271,0,0.0,0.0,0.0,0.0,events/second
1773213301,0,0.0,0.0,0.0,0.0,events/second
1773213331,0,0.0,0.0,0.0,0.0,events/second
1773213361,0,0.0,0.0,0.0,0.0,events/second
1773213391,0,0.0,0.0,0.0,0.0,events/second
1773213421,0,0.0,0.0,0.0,0.0,events/second
1773213451,0,0.0,0.0,0.0,0.0,events/second
1773213481,0,0.0,0.0,0.0,0.0,events/second
1773213511,0,0.0,0.0,0.0,0.0,events/second
1773213541,0,0.0,0.0,0.0,0.0,events/second
1773213571,0,0.0,0.0,0.0,0.0,events/second
1773213601,0,0.0,0.0,0.0,0.0,events/second
1773213631,1,0.0012024706180167426,0.0,0.0,0.0,events/second
1773213661,1,0.0011605843709153168,0.0,0.0,0.0,events/second
1773213691,1,0.0011215259746552959,0.0,0.0,0.0,events/second
1773213721,1,0.0010850124851741088,0.0,0.0,0.0,events/second
1773213751,1,0.001050798512707603,0.0,0.0,0.0,events/second
1773213781,1,0.0010186763717507559,0.0,0.0,0.0,events/second
1773213811,1,9.884593721870539E-4,0.0,0.0,0.0,events/second
1773213841,1,9.599767759346441E-4,0.0,0.0,0.0,events/second
1773213871,1,9.330957114656008E-4,0.0,0.0,0.0,events/second
1773213901,1,9.076722527590645E-4,0.0,0.0,0.0,events/second
1773213931,1,8.836019331436731E-4,0.0,0.0,0.0,events/second
1773213961,1,8.607773335099373E-4,0.0,0.0,0.0,events/second
1773213991,2,0.0016781931506015314,0.0,0.0,0.0,events/second
1773214021,2,0.0016369703130533456,0.0,0.0,0.0,events/second
1773214051,2,0.001597715002070714,0.0,0.0,0.0,events/second
1773214081,2,0.001560304535349215,0.0,0.0,0.0,events/second
1773214111,2,0.0015246128649213616,0.0,0.0,0.0,events/second
1773214141,2,0.0014905197738975585,0.0,0.0,0.0,events/second
1773214171,2,0.0014579173957724016,0.0,0.0,0.0,events/second
1773214201,2,0.0014267121911532568,0.0,0.0,0.0,events/second
1773214231,2,0.001396805506226302,0.0,0.0,0.0,events/second
1773214261,2,0.00136813062270189,0.0,0.0,0.0,events/second
1773214291,2,0.0013406085815884862,0.0,0.0,0.0,events/second
1773214321,2,0.0013141732170031757,0.0,0.0,0.0,events/second
1773214352,2,0.0012887639321680707,0.0,0.0,0.0,events/second
1773214382,2,0.0012643150637303069,0.0,0.0,0.0,events/second
1773214412,2,0.0012407775638008547,0.0,0.0,0.0,events/second
1773214442,2,0.001218102034790786,0.0,0.0,0.0,events/second
1773214472,2,0.0011962407507577284,0.0,0.0,0.0,events/second
1773214502,2,0.0011751495027914984,0.0,0.0,0.0,events/second
1773214532,2,0.0011547824369668514,0.0,0.0,0.0,events/second
1773214562,2,0.0011351106622597,0.0,0.0,0.0,events/second
1773214592,2,0.0011161022741006392,0.0,0.0,0.0,events/second
1773214622,2,0.0010977176951720664,0.0,0.0,0.0,events/second
1773214652,2,0.0010799304171479724,0.0,0.0,0.0,events/second
1773214682,2,0.0010627108280827913,0.0,0.0,0.0,events/second
1773214712,2,0.0010460309244078282,0.0,0.0,0.0,events/second
1773214742,2,0.001029867798921121,0.0,0.0,0.0,events/second
1773214772,2,0.0010141948141785186,0.0,0.0,0.0,events/second
1773214802,2,9.989934361915491E-4,0.0,0.0,0.0,events/second
1773214832,2,9.842387530158891E-4,0.0,0.0,0.0,events/second
1773214862,2,9.699123987856366E-4,0.0,0.0,0.0,events/second
1773214892,2,9.559967443905621E-4,0.0,0.0,0.0,events/second
1773214922,2,9.424789585464063E-4,0.0,0.0,0.0,events/second
1773214952,2,9.293366196303162E-4,0.0,0.0,0.0,events/second
1773214982,2,9.165524994132178E-4,0.0,0.0,0.0,events/second
1773215012,2,9.041147685424515E-4,0.0,0.0,0.0,events/second
1773215042,2,8.920095551787027E-4,0.0,0.0,0.0,events/second
1773215072,2,8.802289706243003E-4,0.0,0.0,0.0,events/second
1773215102,2,8.687560983773203E-4,0.0,0.0,0.0,events/second
1773215132,2,8.575783810801906E-4,0.0,0.0,0.0,events/second
1773215162,2,8.46680632069605E-4,0.0,0.0,0.0,events/second
1773215192,2,8.360602626702614E-4,0.0,0.0,0.0,events/second
1773215222,2,8.257025858901182E-4,0.0,0.0,0.0,events/second
1773215252,2,8.155978136399742E-4,0.0,0.0,0.0,events/second
1773215282,2,8.057368567333734E-4,0.0,0.0,0.0,events/second
1773215312,2,7.961118418619054E-4,0.0,0.0,0.0,events/second
1773215342,2,7.867118974378413E-4,0.0,0.0,0.0,events/second
1773215372,2,7.775335210087323E-4,0.0,0.0,0.0,events/second
1773215402,2,7.685628093126683E-4,0.0,0.0,0.0,events/second
1773215432,2,7.598003758875454E-4,0.0,0.0,0.0,events/second
1773215462,2,7.512356872892681E-4,0.0,0.0,0.0,events/second
1773215492,2,7.428588042502463E-4,0.0,0.0,0.0,events/second
1773215522,2,7.346702499320626E-4,0.0,0.0,0.0,events/second
1773215552,2,7.266612384846887E-4,0.0,0.0,0.0,events/second
1773215582,2,7.188242991048492E-4,0.0,0.0,0.0,events/second
1773215612,2,7.111521033090433E-4,0.0,0.0,0.0,events/second
1773215642,2,7.036438053484935E-4,0.0,0.0,0.0,events/second
1773215672,2,6.96292301630742E-4,0.0,0.0,0.0,events/second
1773215702,2,6.890924798586114E-4,0.0,0.0,0.0,events/second
1773215732,2,6.820401583213422E-4,0.0,0.0,0.0,events/second
1773215762,2,6.751315629264875E-4,0.0,0.0,0.0,events/second
1773215792,2,6.683616635706048E-4,0.0,0.0,0.0,events/second
1773215822,2,6.617263268744902E-4,0.0,0.0,0.0,events/second
1773215852,2,6.552204977030904E-4,0.0,0.0,0.0,events/second
1773215882,2,6.488396486492374E-4,0.0,0.0,0.0,events/second
1773215912,2,6.425824823671245E-4,0.0,0.0,0.0,events/second
1773215942,2,6.364455400483864E-4,0.0,0.0,0.0,events/second
1773215972,2,6.304254145214968E-4,0.0,0.0,0.0,events/second
1773216002,2,6.245157595745367E-4,0.0,0.0,0.0,events/second
1773216032,2,6.18718763746357E-4,0.0,0.0,0.0,events/second
1773216062,2,6.130274970627405E-4,0.0,0.0,0.0,events/second
1773216092,2,6.07440220755789E-4,0.0,0.0,0.0,events/second
1773216122,2,6.019533536513348E-4,0.0,0.0,0.0,events/second
1773216152,2,5.965655642317092E-4,0.0,0.0,0.0,events/second
1773216182,2,5.912724906679019E-4,0.0,0.0,0.0,events/second
1773216212,2,5.860722228084987E-4,0.0,0.0,0.0,events/second
1773216242,2,5.809639595546887E-4,0.0,0.0,0.0,events/second
1773216272,2,5.759419166944958E-4,0.0,0.0,0.0,events/second
1773216302,2,5.710053807098375E-4,0.0,0.0,0.0,events/second
1773216332,2,5.661542451746408E-4,0.0,0.0,0.0,events/second
1773216362,2,5.613853363860081E-4,0.0,0.0,0.0,events/second
1773216392,2,5.566943109743902E-4,0.0,0.0,0.0,events/second
1773216422,2,5.52082530339357E-4,0.0,0.0,0.0,events/second
1773216452,2,5.475469092967248E-4,0.0,0.0,0.0,events/second
1773216482,2,5.430853422990925E-4,0.0,0.0,0.0,events/second
1773216512,2,5.386947074932554E-4,0.0,0.0,0.0,events/second
1773216542,2,5.343746997345815E-4,0.0,0.0,0.0,events/second
1773216572,2,5.301240977010735E-4,0.0,0.0,0.0,events/second
1773216602,2,5.25939768268899E-4,0.0,0.0,0.0,events/second
1773216632,2,5.218214409607275E-4,0.0,0.0,0.0,events/second
1773216662,2,5.177659291470641E-4,0.0,0.0,0.0,events/second
1773216692,2,5.137738104432618E-4,0.0,0.0,0.0,events/second
1773243090,0,0.0,0.0,0.0,0.0,events/second
1773243124,0,0.0,0.0,0.0,0.0,events/second
1773243154,0,0.0,0.0,0.0,0.0,events/second
1773243184,0,0.0,0.0,0.0,0.0,events/second
1773243214,0,0.0,0.0,0.0,0.0,events/second
1773243244,0,0.0,0.0,0.0,0.0,events/second
1773243274,0,0.0,0.0,0.0,0.0,events/second
1773243304,0,0.0,0.0,0.0,0.0,events/second
1773243334,0,0.0,0.0,0.0,0.0,events/second
1773243364,0,0.0,0.0,0.0,0.0,events/second
1773243394,0,0.0,0.0,0.0,0.0,events/second
1773243427,0,0.0,0.0,0.0,0.0,events/second
1773243457,0,0.0,0.0,0.0,0.0,events/second
1773243487,0,0.0,0.0,0.0,0.0,events/second
1773243517,0,0.0,0.0,0.0,0.0,events/second
1773243547,0,0.0,0.0,0.0,0.0,events/second
1773243577,0,0.0,0.0,0.0,0.0,events/second
1773243607,0,0.0,0.0,0.0,0.0,events/second
1773243637,0,0.0,0.0,0.0,0.0,events/second
1773243667,0,0.0,0.0,0.0,0.0,events/second
1773243697,0,0.0,0.0,0.0,0.0,events/second
1773243727,0,0.0,0.0,0.0,0.0,events/second
1773243757,0,0.0,0.0,0.0,0.0,events/second
1773243787,0,0.0,0.0,0.0,0.0,events/second
1773243930,0,0.0,0.0,0.0,0.0,events/second
1773243960,0,0.0,0.0,0.0,0.0,events/second
1773243990,0,0.0,0.0,0.0,0.0,events/second
1773244020,0,0.0,0.0,0.0,0.0,events/second
1773244050,0,0.0,0.0,0.0,0.0,events/second
1773244080,0,0.0,0.0,0.0,0.0,events/second
1773244110,0,0.0,0.0,0.0,0.0,events/second
1773244140,0,0.0,0.0,0.0,0.0,events/second
1773244170,0,0.0,0.0,0.0,0.0,events/second
1773244200,0,0.0,0.0,0.0,0.0,events/second
1773244230,0,0.0,0.0,0.0,0.0,events/second
1773244260,0,0.0,0.0,0.0,0.0,events/second
1773244290,0,0.0,0.0,0.0,0.0,events/second
1773244320,0,0.0,0.0,0.0,0.0,events/second
1773244350,1,7.926175770082845E-4,0.0,0.0,0.0,events/second
1773244380,2,0.0015484033636006525,0.0,0.0,0.0,events/second
1773244410,2,0.0015132382113781048,0.0,0.0,0.0,events/second
1773244440,2,0.0014796342262132286,0.0,0.0,0.0,events/second
1773244470,2,0.0014474997504575569,0.0,0.0,0.0,events/second
1773244500,2,0.0014167260715846652,0.0,0.0,0.0,events/second
1773244530,2,0.00138723521318845,0.0,0.0,0.0,events/second
1773244560,2,0.0013589426855205081,0.0,0.0,0.0,events/second
1773244590,2,0.0013317790593624246,0.0,0.0,0.0,events/second
1773244620,2,0.0013056899417977512,0.0,0.0,0.0,events/second
1773244650,2,0.0012806038078508094,0.0,0.0,0.0,events/second
1773244680,2,0.0012564544965065223,0.0,0.0,0.0,events/second
1773244710,2,0.001233203434104464,0.0,0.0,0.0,events/second
1773244740,2,0.001210794451299678,0.0,0.0,0.0,events/second
1773244770,2,0.0011891906199204942,0.0,0.0,0.0,events/second
1773244800,2,0.0011683440847028595,0.0,0.0,0.0,events/second
1773244830,2,0.001148213630699212,0.0,0.0,0.0,events/second
1773244860,2,0.0011287669869536484,0.0,0.0,0.0,events/second
1773244890,2,0.0011099673512971226,0.0,0.0,0.0,events/second
1773244920,2,0.0010917834622105084,0.0,0.0,0.0,events/second
1773244950,3,0.0016112808982781956,0.0,0.0,0.0,events/second
1773244981,3,0.0015857161949618906,0.0,0.0,0.0,events/second
1773245011,3,0.0015609515576804642,0.0,0.0,0.0,events/second
1773245041,3,0.0015369558232752366,0.0,0.0,0.0,events/second
1773245071,3,0.0015136828309767097,0.0,0.0,0.0,events/second
1773245101,4,0.0019881396926218456,0.0,0.0,0.0,events/second
1773245131,4,0.0019589147302122123,0.0,0.0,0.0,events/second
1773245161,4,0.001930540254334817,0.0,0.0,0.0,events/second
1773245191,4,0.0019029795971787966,0.0,0.0,0.0,events/second
1773245221,4,0.0018761862925997007,0.0,0.0,0.0,events/second
1773245251,4,0.0018501351479368578,0.0,0.0,0.0,events/second
1773245281,4,0.0018247956669860468,0.0,0.0,0.0,events/second
1773245311,4,0.0018001417367968543,0.0,0.0,0.0,events/second
1773245341,4,0.001776155313262712,0.0,0.0,0.0,events/second
1773245371,4,0.0017528008747927685,0.0,0.0,0.0,events/second
1773245401,4,0.0017300475347860657,0.0,0.0,0.0,events/second
1773249690,0,0.0,0.0,0.0,0.0,events/second
1773249722,0,0.0,0.0,0.0,0.0,events/second
1773249752,0,0.0,0.0,0.0,0.0,events/second
1773249782,0,0.0,0.0,0.0,0.0,events/second
1773249812,0,0.0,0.0,0.0,0.0,events/second
1773249842,0,0.0,0.0,0.0,0.0,events/second
1773249872,0,0.0,0.0,0.0,0.0,events/second
1773249902,0,0.0,0.0,0.0,0.0,events/second
1773249932,0,0.0,0.0,0.0,0.0,events/second
1773249962,1,0.0035749002183145806,0.0,0.0,0.0,events/second
1773249992,1,0.0032285606314990467,0.0,0.0,0.0,events/second
1773250022,3,0.00883025953431408,0.0,0.0,0.0,events/second
1773250052,3,0.008113377031635855,0.0,0.0,0.0,events/second
1773250082,3,0.007504301734032734,0.0,0.0,0.0,events/second
1773250112,3,0.006980143335665886,0.0,0.0,0.0,events/second
1773250142,3,0.0065245943922281275,0.0,0.0,0.0,events/second
1773250173,3,0.006124701233475569,0.0,0.0,0.0,events/second
1773250203,3,0.005771129018976183,0.0,0.0,0.0,events/second
1773250233,3,0.005456063993220129,0.0,0.0,0.0,events/second
1773250263,3,0.00517360502368816,0.0,0.0,0.0,events/second
1773250293,3,0.0049189558007177335,0.0,0.0,0.0,events/second
1773250323,3,0.004688307955888837,0.0,0.0,0.0,events/second
1773250353,3,0.004478303431120886,0.0,0.0,0.0,events/second
1773250383,3,0.004286257597643945,0.0,0.0,0.0,events/second
1773250413,3,0.0041100563212813565,0.0,0.0,0.0,events/second
1773250443,3,0.003947755437698642,0.0,0.0,0.0,events/second
1773250473,3,0.0037977939806514145,0.0,0.0,0.0,events/second
1773250503,3,0.0036587740924551057,0.0,0.0,0.0,events/second
1773250533,3,0.0035295796518611134,0.0,0.0,0.0,events/second
1773250563,3,0.003409208965348458,0.0,0.0,0.0,events/second
1773250593,3,0.0032968025710367163,0.0,0.0,0.0,events/second
1773250623,3,0.003191531533377521,0.0,0.0,0.0,events/second
1773250653,3,0.0030928101903673465,0.0,0.0,0.0,events/second
1773250683,3,0.0030000025926022406,0.0,0.0,0.0,events/second
1773250713,3,0.002912600642714982,0.0,0.0,0.0,events/second
1773250743,3,0.0028301602401398134,0.0,0.0,0.0,events/second
1773250773,3,0.0027522332866502797,0.0,0.0,0.0,events/second
1773250803,3,0.0026784936310064625,0.0,0.0,0.0,events/second
1773250833,3,0.0026085880656092388,0.0,0.0,0.0,events/second
1773250863,3,0.0025422478542527945,0.0,0.0,0.0,events/second
1773250893,3,0.002479197222214611,0.0,0.0,0.0,events/second
1773250923,3,0.002419200578384797,0.0,0.0,0.0,events/second
1773250953,4,0.003149377843839771,0.0,0.0,0.0,events/second
1773250983,4,0.0030766856505114355,0.0,0.0,0.0,events/second
1773251013,4,0.003007262906956738,0.0,0.0,0.0,events/second
1773251043,4,0.0029409026033581542,0.0,0.0,0.0,events/second
1773251073,4,0.0028774292786244776,0.0,0.0,0.0,events/second
1773251103,4,0.0028166333532232126,0.0,0.0,0.0,events/second
1773251133,4,0.002758330261067161,0.0,0.0,0.0,events/second
1773251163,4,0.0027023977581140603,0.0,0.0,0.0,events/second
1773251193,4,0.002648695700898743,0.0,0.0,0.0,events/second
1773251223,4,0.002597088226112584,0.0,0.0,0.0,events/second
1773251253,4,0.002547458314423545,0.0,0.0,0.0,events/second
1773251283,4,0.0024996914399634195,0.0,0.0,0.0,events/second
1773251313,4,0.002453675409847171,0.0,0.0,0.0,events/second
1773251343,4,0.002409331103248433,0.0,0.0,0.0,events/second
1773251373,4,0.0023665545501548443,0.0,0.0,0.0,events/second
1773251403,4,0.002325273549274271,0.0,0.0,0.0,events/second
1773251433,4,0.002285405660877192,0.0,0.0,0.0,events/second
1773251463,4,0.002246879495152933,0.0,0.0,0.0,events/second
1773251493,4,0.002209638650505199,0.0,0.0,0.0,events/second
1773251523,4,0.002173612969592465,0.0,0.0,0.0,events/second
1773251553,4,0.0021387406908902,0.0,0.0,0.0,events/second
1773251583,4,0.0021049571946113945,0.0,0.0,0.0,events/second
1773251613,4,0.0020722307496693414,0.0,0.0,0.0,events/second
1773251643,4,0.002040502691793121,0.0,0.0,0.0,events/second
1773251673,4,0.002009739910955934,0.0,0.0,0.0,events/second
1773251703,4,0.0019798860505291964,0.0,0.0,0.0,events/second
1773251733,4,0.0019509091550002698,0.0,0.0,0.0,events/second
1773251763,4,0.001922769845177541,0.0,0.0,0.0,events/second
1773251793,5,0.0023692925683840584,0.0,0.0,0.0,events/second
1773251823,5,0.002336072236698492,0.0,0.0,0.0,events/second
1773251853,5,0.002303762694495971,0.0,0.0,0.0,events/second
1773251883,5,0.00227234729886846,0.0,0.0,0.0,events/second
1773251913,5,0.0022417732635842775,0.0,0.0,0.0,events/second
1773251943,5,0.0022120082207813213,0.0,0.0,0.0,events/second
1773251973,6,0.0026196333815773705,0.0,0.0,0.0,events/second
1773252003,6,0.0025857571070007925,0.0,0.0,0.0,events/second
1773252033,6,0.0025527447831399435,0.0,0.0,0.0,events/second
1773252063,6,0.0025205662764438194,0.0,0.0,0.0,events/second
1773252093,6,0.0024891779940576773,0.0,0.0,0.0,events/second
1773252123,6,0.0024585567927502363,0.0,0.0,0.0,events/second
1773252153,6,0.002428696109074797,0.0,0.0,0.0,events/second
1773252183,6,0.002399546450303587,0.0,0.0,0.0,events/second
1773252213,6,0.0023710953122594376,0.0,0.0,0.0,events/second
1773252243,6,0.002343302103158242,0.0,0.0,0.0,events/second
1773252273,6,0.002316148641300195,0.0,0.0,0.0,events/second
1773252303,6,0.00228962332131955,0.0,0.0,0.0,events/second
1773252333,6,0.0022636937842860764,0.0,0.0,0.0,events/second
1773252363,6,0.0022383470717494405,0.0,0.0,0.0,events/second
1773252393,6,0.0022135697764088,0.0,0.0,0.0,events/second
1773252423,6,0.0021893356912822213,0.0,0.0,0.0,events/second
1773252453,6,0.0021656210900601156,0.0,0.0,0.0,events/second
1773252483,6,0.0021424134913357535,0.0,0.0,0.0,events/second
1773252513,6,0.002119695250718544,0.0,0.0,0.0,events/second
1773252543,6,0.002097457429226646,0.0,0.0,0.0,events/second
1773252573,6,0.0020756812968270736,0.0,0.0,0.0,events/second
1773252603,7,0.0023967464528195383,0.0,0.0,0.0,events/second
1773252633,7,0.0023723724426377496,0.0,0.0,0.0,events/second
1773252663,7,0.002348479990382032,0.0,0.0,0.0,events/second
1773252693,7,0.0023250735483042084,0.0,0.0,0.0,events/second
1773252723,7,0.0023021209925168976,0.0,0.0,0.0,events/second
1773252753,9,0.0029309473372776357,0.0,0.0,0.0,events/second
1773252783,9,0.002902571934334305,0.0,0.0,0.0,events/second
1773252813,11,0.0035135750571992537,0.0,0.0,0.0,events/second
1773252843,11,0.0034802092802197434,0.0,0.0,0.0,events/second
1773252873,11,0.0034474811464455853,0.0,0.0,0.0,events/second
1773252903,11,0.0034153652428482854,0.0,0.0,0.0,events/second
1773252933,11,0.0033838276078917706,0.0,0.0,0.0,events/second
1773252963,11,0.00335287555264195,0.0,0.0,0.0,events/second
1773252993,11,0.0033224742556334226,0.0,0.0,0.0,events/second
1773253023,12,0.0035919481524197476,0.0,0.0,0.0,events/second
1773253053,12,0.003559974578581092,0.0,0.0,0.0,events/second
1773253083,12,0.00352856303933425,0.0,0.0,0.0,events/second
1773253114,12,0.0034976918096771142,0.0,0.0,0.0,events/second
1773253144,13,0.003756300870440268,0.0,0.0,0.0,events/second
1773253174,13,0.0037240163298738263,0.0,0.0,0.0,events/second
1773253204,13,0.0036922760044871537,0.0,0.0,0.0,events/second
1773253234,13,0.0036610644380212663,0.0,0.0,0.0,events/second
1773253264,13,0.0036303783128784285,0.0,0.0,0.0,events/second
1773253294,13,0.003600211031786561,0.0,0.0,0.0,events/second
1773253324,14,0.0038451834975132535,0.0,0.0,0.0,events/second
1773253354,14,0.0038137388220578082,0.0,0.0,0.0,events/second
1773253384,14,0.003782818939927494,0.0,0.0,0.0,events/second
1773253414,14,0.00375239345971231,0.0,0.0,0.0,events/second
1773253444,14,0.0037224517174461757,0.0,0.0,0.0,events/second
1773253474,14,0.0036929808939275208,0.0,0.0,0.0,events/second
1773253504,14,0.003663975805514886,0.0,0.0,0.0,events/second
1773253534,14,0.0036354152657721074,0.0,0.0,0.0,events/second
1773253564,14,0.003607302149327041,0.0,0.0,0.0,events/second
1773253594,14,0.0035796273037813726,0.0,0.0,0.0,events/second
1773253624,14,0.0035523746597735943,0.0,0.0,0.0,events/second
1773253654,14,0.003525532152486462,0.0,0.0,0.0,events/second
1773253684,14,0.003499094640928466,0.0,0.0,0.0,events/second
1773253714,14,0.003473050772319692,0.0,0.0,0.0,events/second
1773253744,14,0.00344738890282279,0.0,0.0,0.0,events/second
1773253774,14,0.003422095957216131,0.0,0.0,0.0,events/second
1773253804,14,0.003397172444164973,0.0,0.0,0.0,events/second
1773253834,14,0.00337260687586635,0.0,0.0,0.0,events/second
1773253864,14,0.003348393719391008,0.0,0.0,0.0,events/second
1773253894,14,0.0033245355176316277,0.0,0.0,0.0,events/second
1773253924,14,0.003301003234171241,0.0,0.0,0.0,events/second
1773253954,14,0.0032778132021534334,0.0,0.0,0.0,events/second
1773253984,14,0.0032549489432370585,0.0,0.0,0.0,events/second
1773254014,14,0.003232399614420543,0.0,0.0,0.0,events/second
1773254044,15,0.0034394476624696256,0.0,0.0,0.0,events/second
1773254074,15,0.0034159455821278738,0.0,0.0,0.0,events/second
1773254104,15,0.003392749465115563,0.0,0.0,0.0,events/second
1773254134,15,0.0033698756060817625,0.0,0.0,0.0,events/second
1773254164,15,0.003347310838449578,0.0,0.0,0.0,events/second
1773254194,15,0.003325046152044029,0.0,0.0,0.0,events/second
1773254224,15,0.0033030774933270647,0.0,0.0,0.0,events/second
1773254254,15,0.0032813876229145465,0.0,0.0,0.0,events/second
1773254284,15,0.003259982472960686,0.0,0.0,0.0,events/second
1773254314,15,0.00323886261132188,0.0,0.0,0.0,events/second
1773254344,15,0.003218013954351357,0.0,0.0,0.0,events/second
1773254374,15,0.003197431904003266,0.0,0.0,0.0,events/second
1773254404,15,0.0031771086111871735,0.0,0.0,0.0,events/second
1773254434,15,0.003157043698155376,0.0,0.0,0.0,events/second
1773254464,15,0.0031372328712863224,0.0,0.0,0.0,events/second
1773254494,15,0.003117660714263041,0.0,0.0,0.0,events/second
1773254524,15,0.00309833918217992,0.0,0.0,0.0,events/second
1773254554,15,0.0030792505847251858,0.0,0.0,0.0,events/second
1773254584,15,0.0030603968877136096,0.0,0.0,0.0,events/second
1773254614,15,0.0030417762866761858,0.0,0.0,0.0,events/second
1773254644,15,0.0030233780788286317,0.0,0.0,0.0,events/second
1773254674,15,0.003005199181507397,0.0,0.0,0.0,events/second
1773254704,15,0.0029872410764630614,0.0,0.0,0.0,events/second
1773254734,15,0.0029694980917099765,0.0,0.0,0.0,events/second
1773254764,15,0.0029519609763568075,0.0,0.0,0.0,events/second
1773254794,15,0.002934626209099661,0.0,0.0,0.0,events/second
1773254824,15,0.0029174956900857294,0.0,0.0,0.0,events/second
1773254854,15,0.002900564380448869,0.0,0.0,0.0,events/second
1773254884,15,0.0028838253477396153,0.0,0.0,0.0,events/second
1773254914,15,0.0028672829452229855,0.0,0.0,0.0,events/second
1773254944,15,0.002850930769411542,0.0,0.0,0.0,events/second
1773254974,15,0.0028347614002870733,0.0,0.0,0.0,events/second
1773255004,15,0.0028187708132839744,0.0,0.0,0.0,events/second
1773255034,15,0.002802960748782432,0.0,0.0,0.0,events/second
1773255064,15,0.0027873326735047563,0.0,0.0,0.0,events/second
1773255094,15,0.002771877669691187,0.0,0.0,0.0,events/second
1773255124,15,0.0027565893584246422,0.0,0.0,0.0,events/second
1773255154,15,0.0027414687006367395,0.0,0.0,0.0,events/second
1773255184,15,0.002726513495335027,0.0,0.0,0.0,events/second
1773255214,15,0.0027117237123316456,0.0,0.0,0.0,events/second
1773255244,15,0.00269709340330726,0.0,0.0,0.0,events/second
1773255274,15,0.0026826144627439,0.0,0.0,0.0,events/second
1773255304,15,0.0026682911662546847,0.0,0.0,0.0,events/second
1773255334,15,0.002654123022737829,0.0,0.0,0.0,events/second
1773255364,15,0.002640102325136608,0.0,0.0,0.0,events/second
1773255394,15,0.002626233046906088,0.0,0.0,0.0,events/second
1773255424,15,0.0026125045399008817,0.0,0.0,0.0,events/second
1773255454,15,0.002598917328642024,0.0,0.0,0.0,events/second
1773255484,15,0.0025854745136885235,0.0,0.0,0.0,events/second
1773255514,15,0.002572169227557647,0.0,0.0,0.0,events/second
1773255544,15,0.0025589972663955943,0.0,0.0,0.0,events/second
1773255574,15,0.00254596385951308,0.0,0.0,0.0,events/second
1773255604,15,0.0025330577949145825,0.0,0.0,0.0,events/second
1773255634,15,0.002520282287923482,0.0,0.0,0.0,events/second
1773255664,15,0.002507633829512972,0.0,0.0,0.0,events/second
1773255694,15,0.0024951173320066048,0.0,0.0,0.0,events/second
1773255724,15,0.0024827221227704593,0.0,0.0,0.0,events/second
1773255754,15,0.002470446397706611,0.0,0.0,0.0,events/second
1773255784,15,0.002458291924092828,0.0,0.0,0.0,events/second
1773255814,15,0.0024462607743582286,0.0,0.0,0.0,events/second
1773255844,15,0.002434345864389113,0.0,0.0,0.0,events/second
1773256674,15,0.002145377644962882,0.0,0.0,0.0,events/second
1773256704,15,0.002136207986729891,0.0,0.0,0.0,events/second
1773256734,15,0.00212711679807472,0.0,0.0,0.0,events/second
1773256764,15,0.0021181014453883255,0.0,0.0,0.0,events/second
1773256795,15,0.0021091615754956824,0.0,0.0,0.0,events/second
1773256825,15,0.0021002990843538632,0.0,0.0,0.0,events/second
1773256855,15,0.002091510551380939,0.0,0.0,0.0,events/second
1773256885,15,0.002082795266491971,0.0,0.0,0.0,events/second
1773256915,15,0.002074150428674761,0.0,0.0,0.0,events/second
1773256945,15,0.0020655768474807244,0.0,0.0,0.0,events/second
1773256975,15,0.0020570762886307453,0.0,0.0,0.0,events/second
1773257005,15,0.0020486447418860787,0.0,0.0,0.0,events/second
1773257035,15,0.0020402805287385497,0.0,0.0,0.0,events/second
1773257065,15,0.0020319827988186804,0.0,0.0,0.0,events/second
1773257095,15,0.002023753686880909,0.0,0.0,0.0,events/second
1773257125,15,0.0020155904714417978,0.0,0.0,0.0,events/second
1773257155,15,0.0020074944148465025,0.0,0.0,0.0,events/second
1773257185,15,0.001999462444575095,0.0,0.0,0.0,events/second
1773257215,15,0.0019914971307226016,0.0,0.0,0.0,events/second
1773257245,15,0.001983591613458937,0.0,0.0,0.0,events/second
1773257275,15,0.0019757510385924296,0.0,0.0,0.0,events/second
1773257305,15,0.001967970344447062,0.0,0.0,0.0,events/second
1773257335,15,0.001960250298623632,0.0,0.0,0.0,events/second
1773257365,15,0.0019525904377649672,0.0,0.0,0.0,events/second
1773257395,15,0.0019449899697167438,0.0,0.0,0.0,events/second
1773257425,15,0.0019374495565391279,0.0,0.0,0.0,events/second
1773257455,15,0.0019299672355383563,0.0,0.0,0.0,events/second
1773257485,15,0.0019225422501510487,0.0,0.0,0.0,events/second
1773257515,15,0.0019151757435159782,0.0,0.0,0.0,events/second
1773257545,15,0.0019078636999714893,0.0,0.0,0.0,events/second
1773257575,15,0.0019006082622967197,0.0,0.0,0.0,events/second
1773257605,15,0.001893409638936398,0.0,0.0,0.0,events/second
1773257635,15,0.0018862650182055374,0.0,0.0,0.0,events/second
1773257665,15,0.0018791739537001241,0.0,0.0,0.0,events/second
1773257695,15,0.0018721351144127014,0.0,0.0,0.0,events/second
1773257725,15,0.001865149055675633,0.0,0.0,0.0,events/second
1773257755,15,0.0018582130993663596,0.0,0.0,0.0,events/second
1773257785,15,0.001851329646909797,0.0,0.0,0.0,events/second
1773257815,15,0.0018444976184391062,0.0,0.0,0.0,events/second
1773257845,15,0.0018377148369255725,0.0,0.0,0.0,events/second
1773257875,15,0.001830981766617217,0.0,0.0,0.0,events/second
1773257905,15,0.0018242979149026772,0.0,0.0,0.0,events/second
1773257935,15,0.0018176642267263036,0.0,0.0,0.0,events/second
1773257965,15,0.001811078205063732,0.0,0.0,0.0,events/second
1773257995,15,0.0018045407456023395,0.0,0.0,0.0,events/second
1773258025,15,0.001798049706102486,0.0,0.0,0.0,events/second
1773258055,15,0.0017916038629084633,0.0,0.0,0.0,events/second
1773258085,15,0.0017852057092135269,0.0,0.0,0.0,events/second
1773258115,15,0.0017788507915171298,0.0,0.0,0.0,events/second
1773258145,15,0.001772541426146587,0.0,0.0,0.0,events/second
1773258175,15,0.0017662760050541875,0.0,0.0,0.0,events/second
1773258205,15,0.0017600574887755912,0.0,0.0,0.0,events/second
1773258235,15,0.0017538792675303213,0.0,0.0,0.0,events/second
1773258265,15,0.0017477457474009896,0.0,0.0,0.0,events/second
1773258295,15,0.0017416557384543152,0.0,0.0,0.0,events/second
1773258556,15,0.0016904482660873958,0.0,0.0,0.0,events/second
1773258586,15,0.0016847515919341733,0.0,0.0,0.0,events/second
1773258616,16,0.0017910323570542585,0.0,0.0,0.0,events/second
1773258646,16,0.0017850359633820104,0.0,0.0,0.0,events/second
1773258676,16,0.0017790791044225295,0.0,0.0,0.0,events/second
1773258706,16,0.0017731633503151854,0.0,0.0,0.0,events/second
1773258736,16,0.0017672861888854672,0.0,0.0,0.0,events/second
1773258766,16,0.0017614460813441314,0.0,0.0,0.0,events/second
1773258796,16,0.0017556449040498597,0.0,0.0,0.0,events/second
1773258826,16,0.0017498823299829775,0.0,0.0,0.0,events/second
1773258856,16,0.0017441588353014918,0.0,0.0,0.0,events/second
1773258886,16,0.0017384712568787703,0.0,0.0,0.0,events/second
1773258916,16,0.0017328223515636245,0.0,0.0,0.0,events/second
1773258946,16,0.0017272085024161454,0.0,0.0,0.0,events/second
1773258976,16,0.0017216322482960227,0.0,0.0,0.0,events/second
1773259006,16,0.0017160919557327808,0.0,0.0,0.0,events/second
1773259036,16,0.001710586690497967,0.0,0.0,0.0,events/second
1773259066,16,0.001705115402490133,0.0,0.0,0.0,events/second
1773259096,16,0.0016996802199410884,0.0,0.0,0.0,events/second
1773259126,16,0.0016942783125251492,0.0,0.0,0.0,events/second
1773259156,16,0.0016889108686601719,0.0,0.0,0.0,events/second
1773259186,16,0.0016835776776542633,0.0,0.0,0.0,events/second
1773259216,16,0.0016782790254587932,0.0,0.0,0.0,events/second
1773259246,16,0.0016730124485432895,0.0,0.0,0.0,events/second
1773259276,16,0.0016677802106441456,0.0,0.0,0.0,events/second
1773259306,16,0.0016625789465730826,0.0,0.0,0.0,events/second
1773259336,16,0.0016574104626971332,0.0,0.0,0.0,events/second
1773259366,16,0.0016522739821309047,0.0,0.0,0.0,events/second
1773259396,16,0.0016471680495318555,0.0,0.0,0.0,events/second
1773259426,16,0.0016420941137709922,0.0,0.0,0.0,events/second
1773259456,16,0.0016370520054176528,0.0,0.0,0.0,events/second
1773259486,16,0.001632041252341308,0.0,0.0,0.0,events/second
1773259516,16,0.001627061013483967,0.0,0.0,0.0,events/second
1773259546,16,0.0016221107885842885,0.0,0.0,0.0,events/second
1773259576,16,0.001617189550208398,0.0,0.0,0.0,events/second
1773259606,16,0.0016122993043855493,0.0,0.0,0.0,events/second
1773259636,16,0.0016074371594037445,0.0,0.0,0.0,events/second
1773259666,16,0.001602604837282999,0.0,0.0,0.0,events/second
1773259696,16,0.0015978018087428345,0.0,0.0,0.0,events/second
1773259726,16,0.001593026740042098,0.0,0.0,0.0,events/second
1773259756,16,0.0015882800766764268,0.0,0.0,0.0,events/second
1773259786,16,0.0015835629041705004,0.0,0.0,0.0,events/second
1773259816,16,0.0015788733632869905,0.0,0.0,0.0,events/second
1773259846,16,0.001574212205791977,0.0,0.0,0.0,events/second
1773259877,16,0.00156957707522524,0.0,0.0,0.0,events/second
1773259907,16,0.0015649705876909614,0.0,0.0,0.0,events/second
1773259937,16,0.001560389823629729,0.0,0.0,0.0,events/second
1773259967,16,0.0015558370948986265,0.0,0.0,0.0,events/second
1773259997,16,0.0015513092082190055,0.0,0.0,0.0,events/second
1773260027,16,0.0015468090845237416,0.0,0.0,0.0,events/second
1773260057,16,0.0015423337733604392,0.0,0.0,0.0,events/second
1773260087,16,0.001537883109969728,0.0,0.0,0.0,events/second
1773260117,16,0.0015334588277369232,0.0,0.0,0.0,events/second
1773260147,16,0.0015290617208065607,0.0,0.0,0.0,events/second
1773260177,16,0.0015246881284510033,0.0,0.0,0.0,events/second
1773260207,16,0.0015203401449845571,0.0,0.0,0.0,events/second
1773260237,16,0.0015160168403221506,0.0,0.0,0.0,events/second
1773260267,16,0.001511717077504799,0.0,0.0,0.0,events/second
1773260297,16,0.0015074418649268463,0.0,0.0,0.0,events/second
1773260327,16,0.0015031909858126313,0.0,0.0,0.0,events/second
1773260357,16,0.0014989654051819207,0.0,0.0,0.0,events/second
1773260387,16,0.001494763830195239,0.0,0.0,0.0,events/second
1773260417,16,0.001490584593276049,0.0,0.0,0.0,events/second
1773260447,16,0.0014864296943968487,0.0,0.0,0.0,events/second
1773260477,16,0.0014822977237107199,0.0,0.0,0.0,events/second
1773260507,16,0.0014781879652986177,0.0,0.0,0.0,events/second
1773260537,16,0.0014741013147940175,0.0,0.0,0.0,events/second
1773260567,16,0.001470036445143364,0.0,0.0,0.0,events/second
1773260597,16,0.001465993974737808,0.0,0.0,0.0,events/second
1773260627,16,0.001461973638590353,0.0,0.0,0.0,events/second
1773260657,16,0.0014579765669856571,0.0,0.0,0.0,events/second
1773260687,16,0.0014540001289023276,0.0,0.0,0.0,events/second
1773260717,16,0.00145004488470794,0.0,0.0,0.0,events/second
1773260747,16,0.00144611185026201,0.0,0.0,0.0,events/second
1773260777,16,0.0014421995307403763,0.0,0.0,0.0,events/second
1773260807,16,0.0014383088179621077,0.0,0.0,0.0,events/second
1773260837,16,0.0014344389536210401,0.0,0.0,0.0,events/second
1773260867,16,0.0014305898161806902,0.0,0.0,0.0,events/second
1773260897,16,0.0014267608436339407,0.0,0.0,0.0,events/second
1773260927,16,0.0014229531316858545,0.0,0.0,0.0,events/second
1773260957,16,0.0014191656432794237,0.0,0.0,0.0,events/second
1773260987,16,0.0014153982695117903,0.0,0.0,0.0,events/second
1773261017,16,0.0014116499332539525,0.0,0.0,0.0,events/second
1773261047,16,0.0014079216603475103,0.0,0.0,0.0,events/second
1773261077,16,0.0014042138538685731,0.0,0.0,0.0,events/second
1773261107,16,0.0014005248491416357,0.0,0.0,0.0,events/second
1773261137,16,0.001396855614803361,0.0,0.0,0.0,events/second
1773261167,16,0.0013932061438363863,0.0,0.0,0.0,events/second
1773261197,16,0.0013895747927770514,0.0,0.0,0.0,events/second
1773261227,16,0.0013859627431894366,0.0,0.0,0.0,events/second
1773261257,16,0.0013823699582586545,0.0,0.0,0.0,events/second
1773261287,16,0.0013787955999577167,0.0,0.0,0.0,events/second
1773261317,16,0.0013752398493634646,0.0,0.0,0.0,events/second
1773261347,16,0.0013717018273500916,0.0,0.0,0.0,events/second
1773261377,16,0.0013681822798994158,0.0,0.0,0.0,events/second
1773261407,16,0.0013646808206563565,0.0,0.0,0.0,events/second
1773261437,16,0.0013611973532000657,0.0,0.0,0.0,events/second
1773261467,16,0.001357731676530687,0.0,0.0,0.0,events/second
1773261497,16,0.001354283476981986,0.0,0.0,0.0,events/second
1773261527,16,0.0013508525961161194,0.0,0.0,0.0,events/second
1773261557,16,0.0013474386493734871,0.0,0.0,0.0,events/second
1773261587,16,0.0013440425413339904,0.0,0.0,0.0,events/second
1773261617,16,0.0013406623250495488,0.0,0.0,0.0,events/second
1773261647,16,0.0013373002122092777,0.0,0.0,0.0,events/second
1773261677,16,0.0013339550172219402,0.0,0.0,0.0,events/second
1773261707,16,0.0013306260872254477,0.0,0.0,0.0,events/second
1773261737,16,0.0013273139280578483,0.0,0.0,0.0,events/second
1773261767,16,0.001324017733092387,0.0,0.0,0.0,events/second
1773261797,16,0.0013207385494233925,0.0,0.0,0.0,events/second
1773261827,16,0.0013174755069185371,0.0,0.0,0.0,events/second
1773261857,16,0.0013142285809021848,0.0,0.0,0.0,events/second
1773261887,16,0.0013109975438274281,0.0,0.0,0.0,events/second
1773261917,16,0.0013077818524091834,0.0,0.0,0.0,events/second
1773261947,16,0.0013045822391666879,0.0,0.0,0.0,events/second
1773261977,16,0.0013013979555843993,0.0,0.0,0.0,events/second
1773262007,16,0.0012982283443260603,0.0,0.0,0.0,events/second
1773262037,16,0.0012950750672682503,0.0,0.0,0.0,events/second
1773262067,16,0.0012919366815653355,0.0,0.0,0.0,events/second
1773262097,16,0.0012888128740375436,0.0,0.0,0.0,events/second
1773262127,16,0.0012857051337242023,0.0,0.0,0.0,events/second
1773262157,16,0.001282611021404291,0.0,0.0,0.0,events/second
1773262187,16,0.0012795327680049952,0.0,0.0,0.0,events/second
1774428720,0,0.0,0.0,0.0,0.0,events/second
1774428752,0,0.0,0.0,0.0,0.0,events/second
1774428782,0,0.0,0.0,0.0,0.0,events/second
1774428812,0,0.0,0.0,0.0,0.0,events/second
1774428842,0,0.0,0.0,0.0,0.0,events/second
1774428872,0,0.0,0.0,0.0,0.0,events/second
1774428902,0,0.0,0.0,0.0,0.0,events/second
1774428932,0,0.0,0.0,0.0,0.0,events/second
1774428962,0,0.0,0.0,0.0,0.0,events/second
1774428992,0,0.0,0.0,0.0,0.0,events/second
1774429022,0,0.0,0.0,0.0,0.0,events/second
1774429052,0,0.0,0.0,0.0,0.0,events/second
1774429082,0,0.0,0.0,0.0,0.0,events/second
1774429112,0,0.0,0.0,0.0,0.0,events/second
1774429142,0,0.0,0.0,0.0,0.0,events/second
1774429172,0,0.0,0.0,0.0,0.0,events/second
1774429202,0,0.0,0.0,0.0,0.0,events/second
1774429232,0,0.0,0.0,0.0,0.0,events/second
1774430430,0,0.0,0.0,0.0,0.0,events/second
1774430463,0,0.0,0.0,0.0,0.0,events/second
1774430493,0,0.0,0.0,0.0,0.0,events/second
1774430523,0,0.0,0.0,0.0,0.0,events/second
1774430553,0,0.0,0.0,0.0,0.0,events/second
1774430583,0,0.0,0.0,0.0,0.0,events/second
1774430613,0,0.0,0.0,0.0,0.0,events/second
1774430643,0,0.0,0.0,0.0,0.0,events/second
1774430673,0,0.0,0.0,0.0,0.0,events/second
1774430703,0,0.0,0.0,0.0,0.0,events/second
1774430733,0,0.0,0.0,0.0,0.0,events/second
1774430763,0,0.0,0.0,0.0,0.0,events/second
1774430793,0,0.0,0.0,0.0,0.0,events/second
1774430823,0,0.0,0.0,0.0,0.0,events/second
1774430853,0,0.0,0.0,0.0,0.0,events/second
1774430883,0,0.0,0.0,0.0,0.0,events/second
1774430913,0,0.0,0.0,0.0,0.0,events/second
1774430943,0,0.0,0.0,0.0,0.0,events/second
1774431030,0,0.0,0.0,0.0,0.0,events/second
1774431063,0,0.0,0.0,0.0,0.0,events/second
1774431093,0,0.0,0.0,0.0,0.0,events/second
1774431123,0,0.0,0.0,0.0,0.0,events/second
1774431153,0,0.0,0.0,0.0,0.0,events/second
1774431183,0,0.0,0.0,0.0,0.0,events/second
1774431213,0,0.0,0.0,0.0,0.0,events/second
1774431243,0,0.0,0.0,0.0,0.0,events/second
1774431273,0,0.0,0.0,0.0,0.0,events/second
1774431303,0,0.0,0.0,0.0,0.0,events/second
1774431333,0,0.0,0.0,0.0,0.0,events/second
1774431363,0,0.0,0.0,0.0,0.0,events/second
1774431393,0,0.0,0.0,0.0,0.0,events/second
1774431423,0,0.0,0.0,0.0,0.0,events/second
1774431453,0,0.0,0.0,0.0,0.0,events/second
1774431483,0,0.0,0.0,0.0,0.0,events/second
1774431513,0,0.0,0.0,0.0,0.0,events/second
1774431543,0,0.0,0.0,0.0,0.0,events/second
1774431573,0,0.0,0.0,0.0,0.0,events/second
1774431603,0,0.0,0.0,0.0,0.0,events/second
1774431633,0,0.0,0.0,0.0,0.0,events/second
1774431663,0,0.0,0.0,0.0,0.0,events/second
1774431693,0,0.0,0.0,0.0,0.0,events/second
1774431723,0,0.0,0.0,0.0,0.0,events/second
1774431753,0,0.0,0.0,0.0,0.0,events/second
1774431783,0,0.0,0.0,0.0,0.0,events/second
1774431813,0,0.0,0.0,0.0,0.0,events/second
1774431843,0,0.0,0.0,0.0,0.0,events/second
1774431873,0,0.0,0.0,0.0,0.0,events/second
1774431903,0,0.0,0.0,0.0,0.0,events/second
1774431933,0,0.0,0.0,0.0,0.0,events/second
1774431963,0,0.0,0.0,0.0,0.0,events/second
1774431993,0,0.0,0.0,0.0,0.0,events/second
1774432023,0,0.0,0.0,0.0,0.0,events/second
1774432053,0,0.0,0.0,0.0,0.0,events/second
1774432083,0,0.0,0.0,0.0,0.0,events/second
1774432113,0,0.0,0.0,0.0,0.0,events/second
1774432143,0,0.0,0.0,0.0,0.0,events/second
1774432173,0,0.0,0.0,0.0,0.0,events/second
1774432203,0,0.0,0.0,0.0,0.0,events/second
1774432233,0,0.0,0.0,0.0,0.0,events/second
1774432263,0,0.0,0.0,0.0,0.0,events/second
1774432293,0,0.0,0.0,0.0,0.0,events/second
1774432323,0,0.0,0.0,0.0,0.0,events/second
1774432353,0,0.0,0.0,0.0,0.0,events/second
1774432384,0,0.0,0.0,0.0,0.0,events/second
1774432414,0,0.0,0.0,0.0,0.0,events/second
1774432444,0,0.0,0.0,0.0,0.0,events/second
1774432474,0,0.0,0.0,0.0,0.0,events/second
1774432504,0,0.0,0.0,0.0,0.0,events/second
1774432534,0,0.0,0.0,0.0,0.0,events/second
1774432564,0,0.0,0.0,0.0,0.0,events/second
1774432594,0,0.0,0.0,0.0,0.0,events/second
1774432624,0,0.0,0.0,0.0,0.0,events/second
1774432654,0,0.0,0.0,0.0,0.0,events/second
1774432684,0,0.0,0.0,0.0,0.0,events/second
1774432714,0,0.0,0.0,0.0,0.0,events/second
1774432744,0,0.0,0.0,0.0,0.0,events/second
1774432774,0,0.0,0.0,0.0,0.0,events/second
1774432804,0,0.0,0.0,0.0,0.0,events/second
1774432834,0,0.0,0.0,0.0,0.0,events/second
1774432864,0,0.0,0.0,0.0,0.0,events/second
1774432894,0,0.0,0.0,0.0,0.0,events/second
1774432924,0,0.0,0.0,0.0,0.0,events/second
1774432954,0,0.0,0.0,0.0,0.0,events/second
1774432984,0,0.0,0.0,0.0,0.0,events/second
1774433014,0,0.0,0.0,0.0,0.0,events/second
1774433044,0,0.0,0.0,0.0,0.0,events/second
1774433074,0,0.0,0.0,0.0,0.0,events/second
1774433104,0,0.0,0.0,0.0,0.0,events/second
1774433134,0,0.0,0.0,0.0,0.0,events/second
1774433164,0,0.0,0.0,0.0,0.0,events/second
1774433194,0,0.0,0.0,0.0,0.0,events/second
1774433224,0,0.0,0.0,0.0,0.0,events/second
1774433254,0,0.0,0.0,0.0,0.0,events/second
1774433284,0,0.0,0.0,0.0,0.0,events/second
1774433314,0,0.0,0.0,0.0,0.0,events/second
1774433344,0,0.0,0.0,0.0,0.0,events/second
1774433374,0,0.0,0.0,0.0,0.0,events/second
1774433404,0,0.0,0.0,0.0,0.0,events/second
1774433434,0,0.0,0.0,0.0,0.0,events/second
1774433464,0,0.0,0.0,0.0,0.0,events/second
1774433494,0,0.0,0.0,0.0,0.0,events/second
1774433524,0,0.0,0.0,0.0,0.0,events/second
1774433554,0,0.0,0.0,0.0,0.0,events/second
1774433584,0,0.0,0.0,0.0,0.0,events/second
1774433614,0,0.0,0.0,0.0,0.0,events/second
1774433644,0,0.0,0.0,0.0,0.0,events/second
1774433674,0,0.0,0.0,0.0,0.0,events/second
1774433704,0,0.0,0.0,0.0,0.0,events/second
1774433734,0,0.0,0.0,0.0,0.0,events/second
1774433764,0,0.0,0.0,0.0,0.0,events/second
1774433794,0,0.0,0.0,0.0,0.0,events/second
1774433824,0,0.0,0.0,0.0,0.0,events/second
1774433854,0,0.0,0.0,0.0,0.0,events/second
1774433884,0,0.0,0.0,0.0,0.0,events/second
1774433914,0,0.0,0.0,0.0,0.0,events/second
1774433944,0,0.0,0.0,0.0,0.0,events/second
1774433974,0,0.0,0.0,0.0,0.0,events/second
1774434004,0,0.0,0.0,0.0,0.0,events/second
1774434034,0,0.0,0.0,0.0,0.0,events/second
1774434064,0,0.0,0.0,0.0,0.0,events/second
1774434094,0,0.0,0.0,0.0,0.0,events/second
1774434124,0,0.0,0.0,0.0,0.0,events/second
1774434154,0,0.0,0.0,0.0,0.0,events/second
1774434184,0,0.0,0.0,0.0,0.0,events/second
1774434214,0,0.0,0.0,0.0,0.0,events/second
1774434244,0,0.0,0.0,0.0,0.0,events/second
1774434274,0,0.0,0.0,0.0,0.0,events/second
1774434304,0,0.0,0.0,0.0,0.0,events/second
1774434334,0,0.0,0.0,0.0,0.0,events/second
1774434364,0,0.0,0.0,0.0,0.0,events/second
1774434394,0,0.0,0.0,0.0,0.0,events/second
1774434424,0,0.0,0.0,0.0,0.0,events/second
1774434454,0,0.0,0.0,0.0,0.0,events/second
1774434484,0,0.0,0.0,0.0,0.0,events/second
1774434514,0,0.0,0.0,0.0,0.0,events/second
